schema_version,id,revision,kind,name,outcome,iterations,sample_count,measurement_iterations_multiplier,warmup_iterations,gpu_completion_mode,completion_wait_us,total_us,total_seconds,average_us,min_us,max_us,median_us,p95_us,mad_us,unit,direction,framebuffer_fnv1a64,child_result_count,metadata_json,raw_results_json
1,busy_pfifo.pfifo_saturation,1,leaf,BusyPfifo::PFIFOSaturation,PASS,10,10,1,0,per_iteration,675,625442,0.625442,62544,61383,64352,62463,64352,844,us,lower_is_better,1508607624bb8506,,null,"[61553,62616,61383,64352,61685,62955,63034,64118,62311,61435]"
1,busy_pfifo.pgraph_pattern_polling,1,leaf,BusyPfifo::PgraphPatternPolling,PASS,1,1,1,0,per_iteration,47,4710446,4.710446,4710446,4710446,4710446,4710446,4710446,0,us,lower_is_better,386d0f085e98c325,,null,[4710446]
1,cpu_floating_point.sse_scalar,1,leaf,CpuFloatingPoint::SSEScalar,PASS,10,10,1,0,per_iteration,1082,4975827,4.975827,497582,491071,504603,498475,504603,3503,us,lower_is_better,6962077c244da325,,null,"[492993,497721,500758,500446,501929,491071,499229,494922,492155,504603]"
1,cpu_floating_point.x87_scalar,1,leaf,CpuFloatingPoint::X87Scalar,PASS,10,10,1,0,per_iteration,1120,7429636,7.429636,742963,739926,746056,742657,746056,353,us,lower_is_better,6962077c244da325,,null,"[746056,742428,742929,742414,745065,742304,739926,742886,743324,742304]"
1,cpu_translation_blocks.direct_loop,1,leaf,CpuTranslationBlocks::DirectLoop,PASS,10,10,1,0,per_iteration,891,99289,0.099289,9928,9768,10411,9860,10411,80,us,lower_is_better,bd1fc9bf0c318325,,null,"[9913,10411,9797,9804,9940,10021,9808,9768,10047,9780]"
1,cpu_translation_blocks.indirect_dispatch,1,leaf,CpuTranslationBlocks::IndirectDispatch,PASS,10,10,1,0,per_iteration,725,245610,0.24561,24561,23899,24943,24663,24943,232,us,lower_is_better,c0426cf669a02325,,null,"[24705,24483,24208,24943,24908,24622,24807,24153,24882,23899]"
1,cpu_translation_blocks.indirect_dispatch_stress,1,leaf,CpuTranslationBlocks::IndirectDispatchStress,PASS,10,10,1,0,per_iteration,1119,4844310,4.84431,484431,482606,487885,483656,487885,1046,us,lower_is_better,fbd507cb0c622325,,null,"[487885,485067,486590,482614,483297,485641,483298,483605,482606,483707]"
1,fill_rate.solid,1,leaf,FillRate::FillRate-Solid,PASS,10,10,1,0,per_iteration,4545,14427,0.014427,1442,972,2262,1235,2262,94,us,lower_is_better,08b0f60773aac775,,null,"[1530,2190,972,1190,1233,1236,1235,2262,1379,1200]"
1,fill_rate.textured,1,leaf,FillRate::FillRate-Textured,PASS,10,10,1,0,per_iteration,6463,15079,0.015079,1507,978,2177,1316,2177,335,us,lower_is_better,99b433323df1684d,,null,"[2177,978,1256,1215,1377,2115,983,1218,1677,2083]"
1,game_load.long_unlocked_scene.cpu,1,leaf,GameLoadComposite::08-LongUnlockedScene-01-CPU,PASS,8,8,1,0,per_iteration,692,125612,0.125612,15701,15378,16758,15551,16758,58,us,lower_is_better,4efd9244c4ad2325,,"{""actual_final_state"":336397949,""applied_measurement_iterations_multiplier"":1,""applied_warmup_iterations"":0,""expected_final_state"":336397949,""gpu_precondition_alpha_draws"":8192,""gpu_precondition_executed"":false,""kind"":""game_load_composite_long_scene_stage"",""schema_version"":1,""stage_id"":32769,""stage_mask"":63}","[16758,15811,15537,15476,15565,15378,15510,15577]"
1,game_load.long_unlocked_scene.pfifo,1,leaf,GameLoadComposite::08-LongUnlockedScene-02-PFIFO,PASS,8,8,1,0,per_iteration,280,31985,0.031985,3998,3867,4184,3951,4184,73,us,lower_is_better,4efd9244c4ad2325,,"{""actual_final_state"":336397949,""applied_measurement_iterations_multiplier"":1,""applied_warmup_iterations"":0,""expected_final_state"":336397949,""gpu_precondition_alpha_draws"":8192,""gpu_precondition_executed"":false,""kind"":""game_load_composite_long_scene_stage"",""schema_version"":1,""stage_id"":32770,""stage_mask"":63}","[4184,4101,3889,3983,4151,3919,3867,3891]"
1,game_load.long_unlocked_scene.alpha_overdraw,1,leaf,GameLoadComposite::08-LongUnlockedScene-03-AlphaOverdraw,PASS,8,8,1,0,per_iteration,2542,213793,0.213793,26724,26155,27349,26708,27349,325,us,lower_is_better,4efd9244c4ad2325,,"{""actual_final_state"":336397949,""applied_measurement_iterations_multiplier"":1,""applied_warmup_iterations"":0,""expected_final_state"":336397949,""gpu_precondition_alpha_draws"":8192,""gpu_precondition_executed"":true,""kind"":""game_load_composite_long_scene_stage"",""schema_version"":1,""stage_id"":32771,""stage_mask"":63}","[26737,27349,27069,26155,26525,26680,26281,26997]"
1,game_load.long_unlocked_scene.streaming_surface_reuse,1,leaf,GameLoadComposite::08-LongUnlockedScene-04-StreamingSurfaceReuse,PASS,8,8,1,0,per_iteration,22121,70989,0.070989,8873,7640,10563,8886,10563,386,us,lower_is_better,4efd9244c4ad2325,,"{""actual_final_state"":336397949,""applied_measurement_iterations_multiplier"":1,""applied_warmup_iterations"":0,""expected_final_state"":336397949,""gpu_precondition_alpha_draws"":8192,""gpu_precondition_executed"":true,""kind"":""game_load_composite_long_scene_stage"",""schema_version"":1,""stage_id"":32772,""stage_mask"":63}","[9170,10563,8843,7640,8929,8483,8106,9255]"
1,game_load.long_unlocked_scene.combined,1,leaf,GameLoadComposite::08-LongUnlockedScene-05-Combined,PASS,8,8,1,0,per_iteration,23792,437673,0.437673,54709,53786,55331,54877,55331,442,us,lower_is_better,4efd9244c4ad2325,,"{""actual_final_state"":336397949,""applied_measurement_iterations_multiplier"":1,""applied_warmup_iterations"":0,""expected_final_state"":336397949,""gpu_precondition_alpha_draws"":8192,""gpu_precondition_executed"":true,""kind"":""game_load_composite_long_scene_stage"",""schema_version"":1,""stage_id"":32773,""stage_mask"":63}","[54797,53786,55308,54957,54300,55137,55331,54057]"
1,game_load.long_unlocked_scene.full_system,1,leaf,GameLoadComposite::08-LongUnlockedScene-06-FullSystem,PASS,8,8,1,0,per_iteration,24243,436425,0.436425,54553,53408,55728,54474,55728,851,us,lower_is_better,4efd9244c4ad2325,,"{""actual_final_state"":336397949,""applied_measurement_iterations_multiplier"":1,""applied_warmup_iterations"":0,""expected_final_state"":336397949,""gpu_precondition_alpha_draws"":8192,""gpu_precondition_executed"":true,""kind"":""game_load_composite_long_scene_stage"",""schema_version"":1,""stage_id"":32774,""stage_mask"":63}","[53606,55308,55728,53408,54393,55411,54015,54556]"
1,game_load.long_unlocked_scene,1,group,GameLoadComposite::08-LongUnlockedScene,PASS,0,0,1,0,per_iteration,0,0,0,0,0,0,0,0,0,us,neutral,4efd9244c4ad2325,6,"{""actual_final_state"":336397949,""exclude_from_stage_window_mapping"":true,""expected_final_state"":336397949,""kind"":""game_load_composite_long_scene_summary"",""schema_version"":1,""stage_record_count"":6}",[]
1,game_load.cross_title_hotpath.queued_vertex_cpu_writes,1,leaf,GameLoadComposite::09-CrossTitleHotpath-01-QueuedVertexCpuWrites,PASS,8,8,1,0,per_iteration,3716,403865,0.403865,50483,49024,54257,49727,54257,571,us,lower_is_better,ea21c900993ea325,,"{""fast_smoke"":false,""iterations"":8,""kind"":""game_load_composite"",""phase"":""01-QueuedVertexCpuWrites"",""preset"":""09-CrossTitleHotpath"",""result_checksum"":""a3b81650"",""schema_version"":2,""seed"":""43525401"",""stage_key"":""queued_vertex_cpu_writes"",""work"":{""alpha_pixels"":113246208,""audio_buffers"":0,""audio_bytes"":0,""audio_mix_operations"":0,""audio_voices"":0,""cpu_fp"":0,""cpu_indirect"":0,""cpu_memory_bytes"":0,""decode_bytes"":0,""draws"":16384,""fence_reads"":0,""gpu_waits"":0,""pfifo_methods"":0,""primitives"":16384,""surface_reuses"":0,""texture_bytes"":0,""vertex_bytes"":2097152},""work_checksum"":""3a3942a9""}","[54257,49287,51524,49024,49728,49697,50621,49727]"
1,game_load.cross_title_hotpath.pgr2_small_draws,1,leaf,GameLoadComposite::09-CrossTitleHotpath-02-Pgr2SmallDraws,PASS,8,8,1,0,per_iteration,19,710677,0.710677,88834,84996,95677,87098,95677,1095,us,lower_is_better,151015a16ca46325,,"{""fast_smoke"":false,""iterations"":8,""kind"":""game_load_composite"",""phase"":""02-Pgr2SmallDraws"",""preset"":""09-CrossTitleHotpath"",""result_checksum"":""88b66250"",""schema_version"":2,""seed"":""43525402"",""stage_key"":""pgr2_small_draws"",""work"":{""alpha_pixels"":226492416,""audio_buffers"":0,""audio_bytes"":0,""audio_mix_operations"":0,""audio_voices"":0,""cpu_fp"":0,""cpu_indirect"":0,""cpu_memory_bytes"":0,""decode_bytes"":0,""draws"":32768,""fence_reads"":800000,""gpu_waits"":0,""pfifo_methods"":98312,""primitives"":32768,""surface_reuses"":0,""texture_bytes"":0,""vertex_bytes"":0},""work_checksum"":""d1b5efa4""}","[84996,87203,86525,87923,85733,86993,95627,95677]"
1,game_load.cross_title_hotpath.texture_update_reuse,1,leaf,GameLoadComposite::09-CrossTitleHotpath-03-TextureUpdateReuse,PASS,8,8,1,0,per_iteration,2547,24138,0.024138,3017,2650,3251,3068,3251,147,us,lower_is_better,44fcd2c900a5a325,,"{""fast_smoke"":false,""iterations"":8,""kind"":""game_load_composite"",""phase"":""03-TextureUpdateReuse"",""preset"":""09-CrossTitleHotpath"",""result_checksum"":""d8a91f30"",""schema_version"":2,""seed"":""43525403"",""stage_key"":""texture_update_reuse"",""work"":{""alpha_pixels"":442368,""audio_buffers"":0,""audio_bytes"":0,""audio_mix_operations"":0,""audio_voices"":0,""cpu_fp"":0,""cpu_indirect"":0,""cpu_memory_bytes"":0,""decode_bytes"":1048576,""draws"":64,""fence_reads"":0,""gpu_waits"":0,""pfifo_methods"":0,""primitives"":64,""surface_reuses"":0,""texture_bytes"":1048576,""vertex_bytes"":8192},""work_checksum"":""a9cbd615""}","[3251,3238,2650,2722,2948,2950,3187,3192]"
1,game_load.cross_title_hotpath.surface_reuse,1,leaf,GameLoadComposite::09-CrossTitleHotpath-04-SurfaceReuse,PASS,8,8,1,0,per_iteration,22571,48731,0.048731,6091,5016,6774,6072,6774,247,us,lower_is_better,37f87c4938cd6325,,"{""fast_smoke"":false,""iterations"":8,""kind"":""game_load_composite"",""phase"":""04-SurfaceReuse"",""preset"":""09-CrossTitleHotpath"",""result_checksum"":""ae3077c8"",""schema_version"":2,""seed"":""43525404"",""stage_key"":""surface_reuse"",""work"":{""alpha_pixels"":55296,""audio_buffers"":0,""audio_bytes"":0,""audio_mix_operations"":0,""audio_voices"":0,""cpu_fp"":0,""cpu_indirect"":0,""cpu_memory_bytes"":0,""decode_bytes"":1048576,""draws"":8,""fence_reads"":0,""gpu_waits"":0,""pfifo_methods"":0,""primitives"":8,""surface_reuses"":64,""texture_bytes"":1048576,""vertex_bytes"":1024},""work_checksum"":""6ce92e2d""}","[5924,6565,6040,5907,6104,5016,6401,6774]"
1,game_load.cross_title_hotpath.pipeline_state_churn,1,leaf,GameLoadComposite::09-CrossTitleHotpath-05-PipelineStateChurn,PASS,8,8,1,0,per_iteration,3205,396569,0.396569,49571,46544,50763,49958,50763,298,us,lower_is_better,4f8b2eab497ca325,,"{""fast_smoke"":false,""iterations"":8,""kind"":""game_load_composite"",""phase"":""05-PipelineStateChurn"",""preset"":""09-CrossTitleHotpath"",""result_checksum"":""fbbaffc0"",""schema_version"":2,""seed"":""43525405"",""stage_key"":""pipeline_state_churn"",""work"":{""alpha_pixels"":84934656,""audio_buffers"":0,""audio_bytes"":0,""audio_mix_operations"":0,""audio_voices"":0,""cpu_fp"":0,""cpu_indirect"":0,""cpu_memory_bytes"":0,""decode_bytes"":0,""draws"":12288,""fence_reads"":0,""gpu_waits"":0,""pfifo_methods"":0,""primitives"":12288,""surface_reuses"":0,""texture_bytes"":0,""vertex_bytes"":0},""work_checksum"":""e9647a58""}","[46544,49496,50039,49936,50203,49607,50763,49981]"
1,game_load.cross_title_hotpath.blend_constant_reuse,1,leaf,GameLoadComposite::09-CrossTitleHotpath-06-BlendConstantReuse,PASS,8,8,1,0,per_iteration,2289,660214,0.660214,82526,76358,86033,83258,86033,1803,us,lower_is_better,58e80f99c5a56325,,"{""fast_smoke"":false,""iterations"":8,""kind"":""game_load_composite"",""phase"":""06-BlendConstantReuse"",""preset"":""09-CrossTitleHotpath"",""result_checksum"":""091e70b0"",""schema_version"":2,""seed"":""43525406"",""stage_key"":""blend_constant_reuse"",""work"":{""alpha_pixels"":226492416,""audio_buffers"":0,""audio_bytes"":0,""audio_mix_operations"":0,""audio_voices"":0,""cpu_fp"":0,""cpu_indirect"":0,""cpu_memory_bytes"":0,""decode_bytes"":0,""draws"":32768,""fence_reads"":0,""gpu_waits"":0,""pfifo_methods"":0,""primitives"":32768,""surface_reuses"":0,""texture_bytes"":0,""vertex_bytes"":0},""work_checksum"":""378947da""}","[76358,84727,81833,83027,85395,86033,79351,83490]"
1,game_load.cross_title_hotpath.texture_binding_reuse,1,leaf,GameLoadComposite::09-CrossTitleHotpath-07-TextureBindingReuse,PASS,8,8,1,0,per_iteration,1741,884770,0.88477,110596,100260,117632,114879,117632,2339,us,lower_is_better,6b9bae4b9c97a325,,"{""fast_smoke"":false,""iterations"":8,""kind"":""game_load_composite"",""phase"":""07-TextureBindingReuse"",""preset"":""09-CrossTitleHotpath"",""result_checksum"":""bac77728"",""schema_version"":2,""seed"":""43525407"",""stage_key"":""texture_binding_reuse"",""work"":{""alpha_pixels"":226492416,""audio_buffers"":0,""audio_bytes"":0,""audio_mix_operations"":0,""audio_voices"":0,""cpu_fp"":0,""cpu_indirect"":0,""cpu_memory_bytes"":0,""decode_bytes"":0,""draws"":32768,""fence_reads"":0,""gpu_waits"":0,""pfifo_methods"":0,""primitives"":32768,""surface_reuses"":0,""texture_bytes"":0,""vertex_bytes"":4194304},""work_checksum"":""3ce9d484""}","[103404,116304,117632,114374,100260,100608,116804,115384]"
1,game_load.cross_title_hotpath.pgr2_lagspot_inline_elements,1,leaf,GameLoadComposite::09-CrossTitleHotpath-08-Pgr2LagspotInlineElements,PASS,8,8,1,0,per_iteration,47,656950,0.65695,82118,74516,85510,83134,85510,2303,us,lower_is_better,2b9db92162606325,,"{""fast_smoke"":false,""iterations"":8,""kind"":""game_load_composite"",""phase"":""08-Pgr2LagspotInlineElements"",""preset"":""09-CrossTitleHotpath"",""result_checksum"":""7f7fc560"",""schema_version"":2,""seed"":""43525408"",""stage_key"":""pgr2_lagspot_inline_elements"",""work"":{""alpha_pixels"":113246208,""audio_buffers"":0,""audio_bytes"":0,""audio_mix_operations"":0,""audio_voices"":0,""cpu_fp"":0,""cpu_indirect"":0,""cpu_memory_bytes"":0,""decode_bytes"":0,""draws"":16384,""fence_reads"":800000,""gpu_waits"":0,""pfifo_methods"":98312,""primitives"":16384,""surface_reuses"":32,""texture_bytes"":1048576,""vertex_bytes"":0},""work_checksum"":""868f44b5""}","[74516,85510,80406,83210,85365,83059,84579,80305]"
1,game_load.cross_title_hotpath.scaled_surface_pressure,1,leaf,GameLoadComposite::09-CrossTitleHotpath-09-ScaledSurfacePressure,PASS,8,8,1,0,per_iteration,21,1876318,1.876318,234539,229442,239919,234283,239919,3695,us,lower_is_better,32a69ec6dce52325,,"{""fast_smoke"":false,""iterations"":8,""kind"":""game_load_composite"",""phase"":""09-ScaledSurfacePressure"",""preset"":""09-CrossTitleHotpath"",""result_checksum"":""5a368b38"",""schema_version"":2,""seed"":""43525409"",""stage_key"":""scaled_surface_pressure"",""work"":{""alpha_pixels"":28311552,""audio_buffers"":0,""audio_bytes"":0,""audio_mix_operations"":0,""audio_voices"":0,""cpu_fp"":0,""cpu_indirect"":0,""cpu_memory_bytes"":0,""decode_bytes"":0,""draws"":4096,""fence_reads"":0,""gpu_waits"":0,""pfifo_methods"":0,""primitives"":4096,""surface_reuses"":4096,""texture_bytes"":0,""vertex_bytes"":524288},""work_checksum"":""72dbb004""}","[237688,235907,230297,238473,229442,232660,239919,231932]"
1,game_load.cross_title_hotpath.s3tc_streaming_fenced_draws,1,leaf,GameLoadComposite::09-CrossTitleHotpath-10-S3tcStreamingFencedDraws,PASS,8,8,1,0,per_iteration,24,66823681,66.823681,8352960,8325797,8381728,8349451,8381728,10565,us,lower_is_better,1a65246e1a0ea325,,"{""fast_smoke"":false,""iterations"":8,""kind"":""game_load_composite"",""phase"":""10-S3tcStreamingFencedDraws"",""preset"":""09-CrossTitleHotpath"",""result_checksum"":""04d59828"",""schema_version"":2,""seed"":""4352540a"",""stage_key"":""s3tc_streaming_fenced_draws"",""work"":{""alpha_pixels"":235929600,""audio_buffers"":0,""audio_bytes"":0,""audio_mix_operations"":0,""audio_voices"":0,""cpu_fp"":0,""cpu_indirect"":0,""cpu_memory_bytes"":0,""decode_bytes"":0,""draws"":3072,""fence_reads"":0,""gpu_waits"":3080,""pfifo_methods"":0,""primitives"":3072,""surface_reuses"":0,""texture_bytes"":167772160,""vertex_bytes"":393216},""work_checksum"":""55c15f49""}","[8347837,8325797,8361334,8351066,8375278,8340203,8340438,8381728]"
1,game_load.cross_title_hotpath.gpu_wait_control,1,leaf,GameLoadComposite::09-CrossTitleHotpath-11-GpuWaitControl,PASS,8,8,1,0,per_iteration,282,17341,0.017341,2167,1956,2479,2153,2479,192,us,lower_is_better,e30500792076e325,,"{""fast_smoke"":false,""iterations"":8,""kind"":""game_load_composite"",""phase"":""11-GpuWaitControl"",""preset"":""09-CrossTitleHotpath"",""result_checksum"":""47bded80"",""schema_version"":2,""seed"":""4352540b"",""stage_key"":""gpu_wait_control"",""work"":{""alpha_pixels"":0,""audio_buffers"":0,""audio_bytes"":0,""audio_mix_operations"":0,""audio_voices"":0,""cpu_fp"":0,""cpu_indirect"":0,""cpu_memory_bytes"":0,""decode_bytes"":0,""draws"":0,""fence_reads"":3072,""gpu_waits"":3072,""pfifo_methods"":3072,""primitives"":0,""surface_reuses"":0,""texture_bytes"":0,""vertex_bytes"":0},""work_checksum"":""85593b01""}","[2398,2068,2238,1956,1956,2479,2281,1965]"
1,game_load.cross_title_hotpath,1,group,GameLoadComposite::09-CrossTitleHotpath,PASS,0,0,1,0,per_iteration,0,0,0,0,0,0,0,0,0,us,neutral,e30500792076e325,11,"{""exclude_from_stage_window_mapping"":true,""fast_smoke"":false,""kind"":""game_load_composite_cross_title_summary"",""schema_version"":1,""stage_mask"":2047,""stage_record_count"":11}",[]
1,game_load.s3tc_sync_factor.dxt1_same_address_wait,1,leaf,GameLoadComposite::10-S3tcSyncFactor-01-Dxt1SameAddressWait,PASS,8,8,1,0,per_iteration,17,142671,0.142671,17833,12796,30236,16493,30236,661,us,lower_is_better,db28300321744de5,,"{""framebuffer_comparison_eligible"":true,""iterations"":8,""kind"":""s3tc_sync_factor"",""oracle_applicable"":true,""oracle_compatibility_key"":""s3tc-factor-source-precision-v1"",""oracle_failure_count"":0,""oracle_failure_mask"":""0000000000000000"",""oracle_provenance"":""regression_only"",""oracle_status"":""PASS"",""result_checksum"":""1a4ff923"",""revalidation_route"":""same_address_changing_overwrite"",""schema_version"":1,""seed"":""46544352"",""selected_record_ordinal"":1,""source_kat"":""0ea3ddc5"",""stage_index"":0,""stage_key"":""dxt1_same_address_wait"",""synchronization"":""same_address_per_draw_wait"",""texture_representation"":""dxt1"",""texture_shape"":""borderless_2d"",""tile_center_kat"":""acc7c6b0"",""upload_expectation"":""native_bc_eligible"",""work"":{""distinct_addresses"":1,""draws"":128,""gpu_waits"":136,""no_write_redraws"":0,""overwrite_only_oracle"":false,""pattern_checksum"":""1a4ff923"",""payload_generations"":128,""per_draw_waits"":128,""texture_binds"":128,""texture_bytes"":4194304,""texture_writes"":128,""unique_colors"":16,""vertex_bytes"":20480,""visible_tiles"":16},""work_checksum"":""03211c25""}","[30236,12796,17385,16238,15853,17176,16686,16301]"
1,game_load.s3tc_sync_factor.dxt1_same_address_queued,1,leaf,GameLoadComposite::10-S3tcSyncFactor-02-Dxt1SameAddressQueued,PASS,8,8,1,0,per_iteration,49,128432,0.128432,16054,11969,17814,16382,17814,241,us,lower_is_better,e474b5be56d66a43,,"{""framebuffer_comparison_eligible"":false,""framebuffer_comparison_reason"":""unsynchronized same-address writes have no defined per-draw source generation"",""iterations"":8,""kind"":""s3tc_sync_factor"",""oracle_applicable"":false,""oracle_compatibility_key"":""s3tc-factor-source-precision-v1"",""oracle_failure_count"":13,""oracle_failure_mask"":""000000015dfb0000"",""oracle_provenance"":""regression_only"",""oracle_status"":""PASS"",""result_checksum"":""1a4ff923"",""revalidation_route"":""same_address_changing_payload_queued"",""schema_version"":1,""seed"":""46544352"",""selected_record_ordinal"":2,""source_kat"":""0ea3ddc5"",""stage_index"":1,""stage_key"":""dxt1_same_address_queued"",""synchronization"":""same_address_no_per_draw_wait_final_wait"",""texture_representation"":""dxt1"",""texture_shape"":""borderless_2d"",""tile_center_kat"":""0c2db906"",""upload_expectation"":""native_bc_eligible"",""work"":{""distinct_addresses"":1,""draws"":128,""gpu_waits"":8,""no_write_redraws"":0,""overwrite_only_oracle"":false,""pattern_checksum"":""1a4ff923"",""payload_generations"":128,""per_draw_waits"":0,""texture_binds"":128,""texture_bytes"":4194304,""texture_writes"":128,""unique_colors"":16,""vertex_bytes"":20480,""visible_tiles"":16},""work_checksum"":""65c0b7e5""}","[11969,16288,17814,16150,16341,16632,16814,16424]"
1,game_load.s3tc_sync_factor.dxt1_ring_payload_generations,1,leaf,GameLoadComposite::10-S3tcSyncFactor-03-Dxt1RingPayloadGenerations,PASS,8,8,1,0,per_iteration,684,134817,0.134817,16852,16194,18755,16606,18755,158,us,lower_is_better,db28300321744de5,,"{""framebuffer_comparison_eligible"":true,""iterations"":8,""kind"":""s3tc_sync_factor"",""oracle_applicable"":true,""oracle_compatibility_key"":""s3tc-factor-source-precision-v1"",""oracle_failure_count"":0,""oracle_failure_mask"":""0000000000000000"",""oracle_provenance"":""regression_only"",""oracle_status"":""PASS"",""result_checksum"":""1a4ff923"",""revalidation_route"":""ring_changing_payload_generations"",""schema_version"":1,""seed"":""46544352"",""selected_record_ordinal"":3,""source_kat"":""0ea3ddc5"",""stage_index"":2,""stage_key"":""dxt1_ring"",""synchronization"":""distinct_address_ring_final_wait"",""texture_representation"":""dxt1"",""texture_shape"":""borderless_2d"",""tile_center_kat"":""acc7c6b0"",""upload_expectation"":""native_bc_eligible"",""work"":{""distinct_addresses"":16,""draws"":128,""gpu_waits"":8,""no_write_redraws"":0,""overwrite_only_oracle"":false,""pattern_checksum"":""1a4ff923"",""payload_generations"":128,""per_draw_waits"":0,""texture_binds"":128,""texture_bytes"":4194304,""texture_writes"":128,""unique_colors"":16,""vertex_bytes"":20480,""visible_tiles"":16},""work_checksum"":""192050b5""}","[18755,16476,16194,16792,16716,16894,16493,16497]"
1,game_load.s3tc_sync_factor.dxt1_dirty_once_redraw,1,leaf,GameLoadComposite::10-S3tcSyncFactor-04-Dxt1DirtyOnceRedraw,PASS,8,8,1,0,per_iteration,15,127135,0.127135,15891,11001,17008,16687,17008,313,us,lower_is_better,428c04bbb0a62725,,"{""framebuffer_comparison_eligible"":true,""iterations"":8,""kind"":""s3tc_sync_factor"",""oracle_applicable"":true,""oracle_compatibility_key"":""s3tc-factor-source-precision-v1"",""oracle_failure_count"":0,""oracle_failure_mask"":""0000000000000000"",""oracle_provenance"":""regression_only"",""oracle_status"":""PASS"",""result_checksum"":""fede69d6"",""revalidation_route"":""dirty_once_same_binding_redraws"",""schema_version"":1,""seed"":""46544352"",""selected_record_ordinal"":4,""source_kat"":""0ea3ddc5"",""stage_index"":3,""stage_key"":""dxt1_dirty_once"",""synchronization"":""same_address_final_wait"",""texture_representation"":""dxt1"",""texture_shape"":""borderless_2d"",""tile_center_kat"":""7981b305"",""upload_expectation"":""native_bc_eligible"",""work"":{""distinct_addresses"":1,""draws"":136,""gpu_waits"":16,""no_write_redraws"":128,""overwrite_only_oracle"":false,""pattern_checksum"":""fede69d6"",""payload_generations"":8,""per_draw_waits"":0,""texture_binds"":136,""texture_bytes"":524288,""texture_writes"":16,""unique_colors"":1,""vertex_bytes"":20480,""visible_tiles"":16},""work_checksum"":""f0976e48""}","[11001,15823,17008,16090,16993,16612,16846,16762]"
1,game_load.s3tc_sync_factor.rgba8_same_address_wait,1,leaf,GameLoadComposite::10-S3tcSyncFactor-05-Rgba8SameAddressWait,PASS,8,8,1,0,per_iteration,43,406556,0.406556,50819,47518,56332,50217,56332,752,us,lower_is_better,3403675459d4d3d5,,"{""framebuffer_comparison_eligible"":true,""iterations"":8,""kind"":""s3tc_sync_factor"",""oracle_applicable"":true,""oracle_compatibility_key"":""s3tc-factor-source-precision-v1"",""oracle_failure_count"":0,""oracle_failure_mask"":""0000000000000000"",""oracle_provenance"":""regression_only"",""oracle_status"":""PASS"",""result_checksum"":""1a4ff923"",""revalidation_route"":""same_address_changing_overwrite"",""schema_version"":1,""seed"":""46544352"",""selected_record_ordinal"":5,""source_kat"":""9b909dc5"",""stage_index"":4,""stage_key"":""rgba8_same_address_wait"",""synchronization"":""same_address_per_draw_wait"",""texture_representation"":""rgba8"",""texture_shape"":""borderless_2d"",""tile_center_kat"":""acc7c6b0"",""upload_expectation"":""decoded_control"",""work"":{""distinct_addresses"":1,""draws"":128,""gpu_waits"":136,""no_write_redraws"":0,""overwrite_only_oracle"":false,""pattern_checksum"":""1a4ff923"",""payload_generations"":128,""per_draw_waits"":128,""texture_binds"":128,""texture_bytes"":33554432,""texture_writes"":128,""unique_colors"":16,""vertex_bytes"":20480,""visible_tiles"":16},""work_checksum"":""9d65db99""}","[56332,49503,49782,50652,49427,52477,47518,50865]"
1,game_load.s3tc_sync_factor.rgba8_same_address_queued,1,leaf,GameLoadComposite::10-S3tcSyncFactor-06-Rgba8SameAddressQueued,PASS,8,8,1,0,per_iteration,23,392166,0.392166,49020,42076,50886,50032,50886,625,us,lower_is_better,99b966a88191b4c5,,"{""framebuffer_comparison_eligible"":false,""framebuffer_comparison_reason"":""unsynchronized same-address writes have no defined per-draw source generation"",""iterations"":8,""kind"":""s3tc_sync_factor"",""oracle_applicable"":false,""oracle_compatibility_key"":""s3tc-factor-source-precision-v1"",""oracle_failure_count"":0,""oracle_failure_mask"":""0000000000000000"",""oracle_provenance"":""regression_only"",""oracle_status"":""PASS"",""result_checksum"":""1a4ff923"",""revalidation_route"":""same_address_changing_payload_queued"",""schema_version"":1,""seed"":""46544352"",""selected_record_ordinal"":6,""source_kat"":""9b909dc5"",""stage_index"":5,""stage_key"":""rgba8_same_address_queued"",""synchronization"":""same_address_no_per_draw_wait_final_wait"",""texture_representation"":""rgba8"",""texture_shape"":""borderless_2d"",""tile_center_kat"":""acc7c6b0"",""upload_expectation"":""decoded_control"",""work"":{""distinct_addresses"":1,""draws"":128,""gpu_waits"":8,""no_write_redraws"":0,""overwrite_only_oracle"":false,""pattern_checksum"":""1a4ff923"",""payload_generations"":128,""per_draw_waits"":0,""texture_binds"":128,""texture_bytes"":33554432,""texture_writes"":128,""unique_colors"":16,""vertex_bytes"":20480,""visible_tiles"":16},""work_checksum"":""634f13d9""}","[42076,50537,49039,50886,50249,49286,49815,50278]"
1,game_load.s3tc_sync_factor.rgba8_ring_payload_generations,1,leaf,GameLoadComposite::10-S3tcSyncFactor-07-Rgba8RingPayloadGenerations,PASS,8,8,1,0,per_iteration,46,397583,0.397583,49697,48230,50880,49724,50880,390,us,lower_is_better,3403675459d4d3d5,,"{""framebuffer_comparison_eligible"":true,""iterations"":8,""kind"":""s3tc_sync_factor"",""oracle_applicable"":true,""oracle_compatibility_key"":""s3tc-factor-source-precision-v1"",""oracle_failure_count"":0,""oracle_failure_mask"":""0000000000000000"",""oracle_provenance"":""regression_only"",""oracle_status"":""PASS"",""result_checksum"":""1a4ff923"",""revalidation_route"":""ring_changing_payload_generations"",""schema_version"":1,""seed"":""46544352"",""selected_record_ordinal"":7,""source_kat"":""9b909dc5"",""stage_index"":6,""stage_key"":""rgba8_ring"",""synchronization"":""distinct_address_ring_final_wait"",""texture_representation"":""rgba8"",""texture_shape"":""borderless_2d"",""tile_center_kat"":""acc7c6b0"",""upload_expectation"":""decoded_control"",""work"":{""distinct_addresses"":16,""draws"":128,""gpu_waits"":8,""no_write_redraws"":0,""overwrite_only_oracle"":false,""pattern_checksum"":""1a4ff923"",""payload_generations"":128,""per_draw_waits"":0,""texture_binds"":128,""texture_bytes"":33554432,""texture_writes"":128,""unique_colors"":16,""vertex_bytes"":20480,""visible_tiles"":16},""work_checksum"":""5d4991a5""}","[48230,49099,50488,49814,49634,49568,49870,50880]"
1,game_load.s3tc_sync_factor.rgba8_dirty_once_redraw,1,leaf,GameLoadComposite::10-S3tcSyncFactor-08-Rgba8DirtyOnceRedraw,PASS,8,8,1,0,per_iteration,17,130747,0.130747,16343,14611,17205,16418,17205,486,us,lower_is_better,428c04bbb0a62725,,"{""framebuffer_comparison_eligible"":true,""iterations"":8,""kind"":""s3tc_sync_factor"",""oracle_applicable"":true,""oracle_compatibility_key"":""s3tc-factor-source-precision-v1"",""oracle_failure_count"":0,""oracle_failure_mask"":""0000000000000000"",""oracle_provenance"":""regression_only"",""oracle_status"":""PASS"",""result_checksum"":""fede69d6"",""revalidation_route"":""dirty_once_same_binding_redraws"",""schema_version"":1,""seed"":""46544352"",""selected_record_ordinal"":8,""source_kat"":""9b909dc5"",""stage_index"":7,""stage_key"":""rgba8_dirty_once"",""synchronization"":""same_address_final_wait"",""texture_representation"":""rgba8"",""texture_shape"":""borderless_2d"",""tile_center_kat"":""7981b305"",""upload_expectation"":""decoded_control"",""work"":{""distinct_addresses"":1,""draws"":136,""gpu_waits"":16,""no_write_redraws"":128,""overwrite_only_oracle"":false,""pattern_checksum"":""fede69d6"",""payload_generations"":8,""per_draw_waits"":0,""texture_binds"":136,""texture_bytes"":4194304,""texture_writes"":16,""unique_colors"":1,""vertex_bytes"":20480,""visible_tiles"":16},""work_checksum"":""011baa8a""}","[14611,15975,17007,16166,16947,16446,17205,16390]"
1,game_load.s3tc_sync_factor.bc2_native_eligible,1,leaf,GameLoadComposite::10-S3tcSyncFactor-09-Bc2NativeEligible,PASS,8,8,1,0,per_iteration,399,126573,0.126573,15821,10714,16812,16705,16812,102,us,lower_is_better,db28300321744de5,,"{""framebuffer_comparison_eligible"":true,""iterations"":8,""kind"":""s3tc_sync_factor"",""oracle_applicable"":true,""oracle_compatibility_key"":""s3tc-factor-source-precision-v1"",""oracle_failure_count"":0,""oracle_failure_mask"":""0000000000000000"",""oracle_provenance"":""regression_only"",""oracle_status"":""PASS"",""result_checksum"":""1a4ff923"",""revalidation_route"":""format_kat_ring_payload_generations"",""schema_version"":1,""seed"":""46544352"",""selected_record_ordinal"":9,""source_kat"":""0330ddc5"",""stage_index"":8,""stage_key"":""bc2_native_eligible"",""synchronization"":""distinct_address_ring_final_wait"",""texture_representation"":""bc2_dxt3"",""texture_shape"":""borderless_2d"",""tile_center_kat"":""acc7c6b0"",""upload_expectation"":""native_bc_eligible"",""work"":{""distinct_addresses"":16,""draws"":128,""gpu_waits"":8,""no_write_redraws"":0,""overwrite_only_oracle"":false,""pattern_checksum"":""1a4ff923"",""payload_generations"":128,""per_draw_waits"":0,""texture_binds"":128,""texture_bytes"":8388608,""texture_writes"":128,""unique_colors"":16,""vertex_bytes"":20480,""visible_tiles"":16},""work_checksum"":""1e198d6b""}","[10714,15866,16803,16213,16754,16696,16812,16715]"
1,game_load.s3tc_sync_factor.bc2_bordered_fallback,1,leaf,GameLoadComposite::10-S3tcSyncFactor-10-Bc2BorderedFallback,PASS,8,8,1,0,per_iteration,46,386621,0.386621,48327,38303,50273,50156,50273,112,us,lower_is_better,db28300321744de5,,"{""framebuffer_comparison_eligible"":true,""iterations"":8,""kind"":""s3tc_sync_factor"",""oracle_applicable"":true,""oracle_compatibility_key"":""s3tc-factor-source-precision-v1"",""oracle_failure_count"":0,""oracle_failure_mask"":""0000000000000000"",""oracle_provenance"":""regression_only"",""oracle_status"":""PASS"",""result_checksum"":""1a4ff923"",""revalidation_route"":""format_kat_ring_payload_generations"",""schema_version"":1,""seed"":""46544352"",""selected_record_ordinal"":10,""source_kat"":""896d9dc5"",""stage_index"":9,""stage_key"":""bc2_bordered_fallback"",""synchronization"":""distinct_address_ring_final_wait"",""texture_representation"":""bc2_dxt3"",""texture_shape"":""bordered_2d"",""tile_center_kat"":""acc7c6b0"",""upload_expectation"":""decoded_fallback_required"",""work"":{""distinct_addresses"":16,""draws"":128,""gpu_waits"":8,""no_write_redraws"":0,""overwrite_only_oracle"":false,""pattern_checksum"":""1a4ff923"",""payload_generations"":128,""per_draw_waits"":0,""texture_binds"":128,""texture_bytes"":33554432,""texture_writes"":128,""unique_colors"":16,""vertex_bytes"":20480,""visible_tiles"":16},""work_checksum"":""c26d451c""}","[38303,48318,50172,50263,50164,50273,50149,48979]"
1,game_load.s3tc_sync_factor.bc3_native_eligible,1,leaf,GameLoadComposite::10-S3tcSyncFactor-11-Bc3NativeEligible,PASS,8,8,1,0,per_iteration,349,130527,0.130527,16315,14827,16996,16648,16996,282,us,lower_is_better,db28300321744de5,,"{""framebuffer_comparison_eligible"":true,""iterations"":8,""kind"":""s3tc_sync_factor"",""oracle_applicable"":true,""oracle_compatibility_key"":""s3tc-factor-source-precision-v1"",""oracle_failure_count"":0,""oracle_failure_mask"":""0000000000000000"",""oracle_provenance"":""regression_only"",""oracle_status"":""PASS"",""result_checksum"":""1a4ff923"",""revalidation_route"":""format_kat_ring_payload_generations"",""schema_version"":1,""seed"":""46544352"",""selected_record_ordinal"":11,""source_kat"":""10e7ddc5"",""stage_index"":10,""stage_key"":""bc3_native_eligible"",""synchronization"":""distinct_address_ring_final_wait"",""texture_representation"":""bc3_dxt5"",""texture_shape"":""borderless_2d"",""tile_center_kat"":""acc7c6b0"",""upload_expectation"":""native_bc_eligible"",""work"":{""distinct_addresses"":16,""draws"":128,""gpu_waits"":8,""no_write_redraws"":0,""overwrite_only_oracle"":false,""pattern_checksum"":""1a4ff923"",""payload_generations"":128,""per_draw_waits"":0,""texture_binds"":128,""texture_bytes"":8388608,""texture_writes"":128,""unique_colors"":16,""vertex_bytes"":20480,""visible_tiles"":16},""work_checksum"":""c9593b92""}","[14827,15288,16928,16828,16668,16364,16628,16996]"
1,game_load.s3tc_sync_factor.bc3_bordered_fallback,1,leaf,GameLoadComposite::10-S3tcSyncFactor-12-Bc3BorderedFallback,PASS,8,8,1,0,per_iteration,66,397771,0.397771,49721,46881,50895,50328,50895,364,us,lower_is_better,db28300321744de5,,"{""framebuffer_comparison_eligible"":true,""iterations"":8,""kind"":""s3tc_sync_factor"",""oracle_applicable"":true,""oracle_compatibility_key"":""s3tc-factor-source-precision-v1"",""oracle_failure_count"":0,""oracle_failure_mask"":""0000000000000000"",""oracle_provenance"":""regression_only"",""oracle_status"":""PASS"",""result_checksum"":""1a4ff923"",""revalidation_route"":""format_kat_ring_payload_generations"",""schema_version"":1,""seed"":""46544352"",""selected_record_ordinal"":12,""source_kat"":""c0499dc5"",""stage_index"":11,""stage_key"":""bc3_bordered_fallback"",""synchronization"":""distinct_address_ring_final_wait"",""texture_representation"":""bc3_dxt5"",""texture_shape"":""bordered_2d"",""tile_center_kat"":""acc7c6b0"",""upload_expectation"":""decoded_fallback_required"",""work"":{""distinct_addresses"":16,""draws"":128,""gpu_waits"":8,""no_write_redraws"":0,""overwrite_only_oracle"":false,""pattern_checksum"":""1a4ff923"",""payload_generations"":128,""per_draw_waits"":0,""texture_binds"":128,""texture_bytes"":33554432,""texture_writes"":128,""unique_colors"":16,""vertex_bytes"":20480,""visible_tiles"":16},""work_checksum"":""eb7bb5a9""}","[50895,46881,50457,50219,49244,50489,49149,50437]"
1,game_load.s3tc_sync_factor,1,group,GameLoadComposite::10-S3tcSyncFactor,PASS,0,0,1,0,per_iteration,0,0,0,0,0,0,0,0,0,us,neutral,db28300321744de5,12,"{""exclude_from_stage_window_mapping"":true,""kind"":""s3tc_sync_factor_summary"",""schema_version"":1,""stage_mask"":4095,""stage_record_count"":12}",[]
1,game_load.repeated_display,1,leaf,GameLoadComposite::12-RepeatedDisplay,PASS,8,8,1,0,per_iteration,14,132863,0.132863,16607,16221,17005,16621,17005,155,us,lower_is_better,e758dbbf4edc2325,,"{""hold_ms"":0,""iterations"":8,""kind"":""game_load_composite_repeated_display"",""result_checksum"":""c8b6daf9"",""schema_version"":1,""seed"":""12d1e001"",""shape"":""Idle""}","[16405,16538,16769,16458,16762,17005,16705,16221]"
1,game_load.repeated_display_boosted,1,leaf,GameLoadComposite::12-RepeatedDisplay-Boosted,PASS,8,8,1,0,per_iteration,840,400082,0.400082,50010,48998,50790,50011,50790,333,us,lower_is_better,60315b1c33b6a325,,"{""hold_ms"":33,""iterations"":8,""kind"":""game_load_composite_repeated_display"",""result_checksum"":""c6198bc5"",""schema_version"":1,""seed"":""12b0057d"",""shape"":""Boosted""}","[50428,49640,50306,49898,50790,48998,50034,49988]"
1,game_load.doax_menu_representative.cpu_only,1,leaf,GameLoadComposite::DoaxMenuRepresentative-01-CPUOnly,PASS,8,8,1,0,per_iteration,738,75423,0.075423,9427,9075,9878,9448,9878,83,us,lower_is_better,c9ffff20249e2325,,"{""iterations"":8,""kind"":""game_load_composite"",""phase"":""01-CPUOnly"",""preset"":""DoaxMenuRepresentative"",""result_checksum"":""25b93629"",""schema_version"":2,""seed"":""d0a40001"",""work"":{""alpha_pixels"":0,""audio_buffers"":0,""audio_bytes"":0,""audio_mix_operations"":0,""audio_voices"":0,""cpu_fp"":2097152,""cpu_indirect"":2000000,""cpu_memory_bytes"":4194304,""decode_bytes"":1048576,""draws"":0,""fence_reads"":0,""gpu_waits"":0,""pfifo_methods"":0,""primitives"":0,""surface_reuses"":0,""texture_bytes"":0,""vertex_bytes"":0},""work_checksum"":""4b928f1a""}","[9878,9475,9422,9537,9373,9138,9525,9075]"
1,game_load.doax_menu_representative.pfifo_only,1,leaf,GameLoadComposite::DoaxMenuRepresentative-02-PFIFOOnly,PASS,8,8,1,0,per_iteration,572,16242,0.016242,2030,1914,2324,1951,2324,35,us,lower_is_better,db52eb2ea2ee6325,,"{""iterations"":8,""kind"":""game_load_composite"",""phase"":""02-PFIFOOnly"",""preset"":""DoaxMenuRepresentative"",""result_checksum"":""75030000"",""schema_version"":2,""seed"":""d0a40001"",""work"":{""alpha_pixels"":0,""audio_buffers"":0,""audio_bytes"":0,""audio_mix_operations"":0,""audio_voices"":0,""cpu_fp"":0,""cpu_indirect"":0,""cpu_memory_bytes"":0,""decode_bytes"":0,""draws"":0,""fence_reads"":65536,""gpu_waits"":0,""pfifo_methods"":49160,""primitives"":0,""surface_reuses"":0,""texture_bytes"":0,""vertex_bytes"":0},""work_checksum"":""6a065c78""}","[2038,2224,1956,1917,1923,1914,1946,2324]"
1,game_load.doax_menu_representative.gpu_only,1,leaf,GameLoadComposite::DoaxMenuRepresentative-03-GPUOnly,PASS,8,8,1,0,per_iteration,3047,109986,0.109986,13748,13277,14186,13794,14186,259,us,lower_is_better,fbd6d6be7f982325,,"{""iterations"":8,""kind"":""game_load_composite"",""phase"":""03-GPUOnly"",""preset"":""DoaxMenuRepresentative"",""result_checksum"":""93dc97b3"",""schema_version"":2,""seed"":""d0a40001"",""work"":{""alpha_pixels"":42467328,""audio_buffers"":0,""audio_bytes"":0,""audio_mix_operations"":0,""audio_voices"":0,""cpu_fp"":0,""cpu_indirect"":0,""cpu_memory_bytes"":0,""decode_bytes"":0,""draws"":6144,""fence_reads"":0,""gpu_waits"":0,""pfifo_methods"":0,""primitives"":6144,""surface_reuses"":0,""texture_bytes"":0,""vertex_bytes"":0},""work_checksum"":""d753072c""}","[13513,13277,13741,14032,13848,13947,14186,13442]"
1,game_load.doax_menu_representative.streaming_only,1,leaf,GameLoadComposite::DoaxMenuRepresentative-04-StreamingOnly,PASS,8,8,1,0,per_iteration,14831,38592,0.038592,4824,4443,6135,4571,6135,18,us,lower_is_better,f94303d175056325,,"{""iterations"":8,""kind"":""game_load_composite"",""phase"":""04-StreamingOnly"",""preset"":""DoaxMenuRepresentative"",""result_checksum"":""4a366374"",""schema_version"":2,""seed"":""d0a40001"",""work"":{""alpha_pixels"":55296,""audio_buffers"":0,""audio_bytes"":0,""audio_mix_operations"":0,""audio_voices"":0,""cpu_fp"":0,""cpu_indirect"":0,""cpu_memory_bytes"":0,""decode_bytes"":1048576,""draws"":8,""fence_reads"":0,""gpu_waits"":0,""pfifo_methods"":0,""primitives"":8,""surface_reuses"":32,""texture_bytes"":1048576,""vertex_bytes"":1024},""work_checksum"":""01d92faf""}","[4555,4443,4579,5177,4564,4551,6135,4588]"
1,game_load.doax_menu_representative.cpu_pfifo_gpu,1,leaf,GameLoadComposite::DoaxMenuRepresentative-05-CPUPFIFOGPU,PASS,8,8,1,0,per_iteration,2967,200434,0.200434,25054,24692,25488,25027,25488,220,us,lower_is_better,04157941d1aa6325,,"{""iterations"":8,""kind"":""game_load_composite"",""phase"":""05-CPUPFIFOGPU"",""preset"":""DoaxMenuRepresentative"",""result_checksum"":""a36829b1"",""schema_version"":2,""seed"":""d0a40001"",""work"":{""alpha_pixels"":42467328,""audio_buffers"":0,""audio_bytes"":0,""audio_mix_operations"":0,""audio_voices"":0,""cpu_fp"":2097152,""cpu_indirect"":2000000,""cpu_memory_bytes"":4194304,""decode_bytes"":1048576,""draws"":6144,""fence_reads"":65536,""gpu_waits"":0,""pfifo_methods"":49160,""primitives"":6144,""surface_reuses"":0,""texture_bytes"":0,""vertex_bytes"":0},""work_checksum"":""0229c20d""}","[25445,24779,24692,25140,24835,25488,24924,25131]"
1,game_load.doax_menu_representative.cpu_pfifo_gpu_streaming,1,leaf,GameLoadComposite::DoaxMenuRepresentative-06-CPUPFIFOGPUStreaming,PASS,8,8,1,0,per_iteration,10380,219488,0.219488,27436,27236,27809,27454,27809,152,us,lower_is_better,e6d7900d809f6325,,"{""iterations"":8,""kind"":""game_load_composite"",""phase"":""06-CPUPFIFOGPUStreaming"",""preset"":""DoaxMenuRepresentative"",""result_checksum"":""230c4c8c"",""schema_version"":2,""seed"":""d0a40001"",""work"":{""alpha_pixels"":42522624,""audio_buffers"":0,""audio_bytes"":0,""audio_mix_operations"":0,""audio_voices"":0,""cpu_fp"":2097152,""cpu_indirect"":2000000,""cpu_memory_bytes"":4194304,""decode_bytes"":1048576,""draws"":6152,""fence_reads"":65536,""gpu_waits"":0,""pfifo_methods"":49160,""primitives"":6152,""surface_reuses"":32,""texture_bytes"":1048576,""vertex_bytes"":1024},""work_checksum"":""56538cf4""}","[27809,27553,27477,27248,27248,27432,27485,27236]"
1,game_load.doax_menu_representative.full_system,1,leaf,GameLoadComposite::DoaxMenuRepresentative-07-FullSystem,PASS,8,8,1,0,per_iteration,12189,226756,0.226756,28344,27475,32143,27830,32143,341,us,lower_is_better,3ebb8ee340a52325,,"{""iterations"":8,""kind"":""game_load_composite"",""phase"":""07-FullSystem"",""preset"":""DoaxMenuRepresentative"",""result_checksum"":""a8eb8e77"",""schema_version"":2,""seed"":""d0a40001"",""work"":{""alpha_pixels"":42522624,""audio_buffers"":16,""audio_bytes"":393216,""audio_mix_operations"":786432,""audio_voices"":8,""cpu_fp"":2097152,""cpu_indirect"":2000000,""cpu_memory_bytes"":4194304,""decode_bytes"":1048576,""draws"":6152,""fence_reads"":65536,""gpu_waits"":0,""pfifo_methods"":49160,""primitives"":6152,""surface_reuses"":32,""texture_bytes"":1048576,""vertex_bytes"":1024},""work_checksum"":""f08c6961""}","[32143,27489,27616,27646,28171,28014,28202,27475]"
1,game_load.doax_menu_stress.cpu_only,1,leaf,GameLoadComposite::DoaxMenuStress-01-CPUOnly,PASS,8,8,1,0,per_iteration,1605,151950,0.15195,18993,18551,19363,19098,19363,167,us,lower_is_better,312802588e58a325,,"{""iterations"":8,""kind"":""game_load_composite"",""phase"":""01-CPUOnly"",""preset"":""DoaxMenuStress"",""result_checksum"":""9b668f06"",""schema_version"":2,""seed"":""d0a40002"",""work"":{""alpha_pixels"":0,""audio_buffers"":0,""audio_bytes"":0,""audio_mix_operations"":0,""audio_voices"":0,""cpu_fp"":4194304,""cpu_indirect"":4000000,""cpu_memory_bytes"":8388608,""decode_bytes"":2097152,""draws"":0,""fence_reads"":0,""gpu_waits"":0,""pfifo_methods"":0,""primitives"":0,""surface_reuses"":0,""texture_bytes"":0,""vertex_bytes"":0},""work_checksum"":""187023bd""}","[19155,19056,18751,19167,18551,19140,18767,19363]"
1,game_load.doax_menu_stress.pfifo_only,1,leaf,GameLoadComposite::DoaxMenuStress-02-PFIFOOnly,PASS,8,8,1,0,per_iteration,33,30260,0.03026,3782,3735,3838,3778,3838,17,us,lower_is_better,6251472ce3a6e325,,"{""iterations"":8,""kind"":""game_load_composite"",""phase"":""02-PFIFOOnly"",""preset"":""DoaxMenuStress"",""result_checksum"":""be7a9d63"",""schema_version"":2,""seed"":""d0a40002"",""work"":{""alpha_pixels"":0,""audio_buffers"":0,""audio_bytes"":0,""audio_mix_operations"":0,""audio_voices"":0,""cpu_fp"":0,""cpu_indirect"":0,""cpu_memory_bytes"":0,""decode_bytes"":0,""draws"":0,""fence_reads"":131072,""gpu_waits"":0,""pfifo_methods"":98312,""primitives"":0,""surface_reuses"":0,""texture_bytes"":0,""vertex_bytes"":0},""work_checksum"":""b81d8d39""}","[3735,3838,3773,3761,3822,3761,3787,3783]"
1,game_load.doax_menu_stress.gpu_only,1,leaf,GameLoadComposite::DoaxMenuStress-03-GPUOnly,PASS,8,8,1,0,per_iteration,2645,211181,0.211181,26397,25886,26982,26316,26982,208,us,lower_is_better,30126b41ecb96325,,"{""iterations"":8,""kind"":""game_load_composite"",""phase"":""03-GPUOnly"",""preset"":""DoaxMenuStress"",""result_checksum"":""b53d4d00"",""schema_version"":2,""seed"":""d0a40002"",""work"":{""alpha_pixels"":84934656,""audio_buffers"":0,""audio_bytes"":0,""audio_mix_operations"":0,""audio_voices"":0,""cpu_fp"":0,""cpu_indirect"":0,""cpu_memory_bytes"":0,""decode_bytes"":0,""draws"":12288,""fence_reads"":0,""gpu_waits"":0,""pfifo_methods"":0,""primitives"":12288,""surface_reuses"":0,""texture_bytes"":0,""vertex_bytes"":0},""work_checksum"":""758b6c12""}","[26982,26066,26483,26895,26387,25886,26245,26237]"
1,game_load.doax_menu_stress.streaming_only,1,leaf,GameLoadComposite::DoaxMenuStress-04-StreamingOnly,PASS,8,8,1,0,per_iteration,24996,71409,0.071409,8926,8165,9549,8964,9549,276,us,lower_is_better,5b922e3ee1312325,,"{""iterations"":8,""kind"":""game_load_composite"",""phase"":""04-StreamingOnly"",""preset"":""DoaxMenuStress"",""result_checksum"":""9cc098ca"",""schema_version"":2,""seed"":""d0a40002"",""work"":{""alpha_pixels"":110592,""audio_buffers"":0,""audio_bytes"":0,""audio_mix_operations"":0,""audio_voices"":0,""cpu_fp"":0,""cpu_indirect"":0,""cpu_memory_bytes"":0,""decode_bytes"":2097152,""draws"":16,""fence_reads"":0,""gpu_waits"":0,""pfifo_methods"":0,""primitives"":16,""surface_reuses"":64,""texture_bytes"":2097152,""vertex_bytes"":2048},""work_checksum"":""50246e19""}","[8165,9549,9452,8922,9024,9006,8392,8899]"
1,game_load.doax_menu_stress.cpu_pfifo_gpu,1,leaf,GameLoadComposite::DoaxMenuStress-05-CPUPFIFOGPU,PASS,8,8,1,0,per_iteration,5489,397665,0.397665,49708,48902,50063,49883,50063,115,us,lower_is_better,c94959246d55a325,,"{""iterations"":8,""kind"":""game_load_composite"",""phase"":""05-CPUPFIFOGPU"",""preset"":""DoaxMenuStress"",""result_checksum"":""6932ee9a"",""schema_version"":2,""seed"":""d0a40002"",""work"":{""alpha_pixels"":84934656,""audio_buffers"":0,""audio_bytes"":0,""audio_mix_operations"":0,""audio_voices"":0,""cpu_fp"":4194304,""cpu_indirect"":4000000,""cpu_memory_bytes"":8388608,""decode_bytes"":2097152,""draws"":12288,""fence_reads"":131072,""gpu_waits"":0,""pfifo_methods"":98312,""primitives"":12288,""surface_reuses"":0,""texture_bytes"":0,""vertex_bytes"":0},""work_checksum"":""7864be61""}","[49899,49484,50063,49934,49617,48902,49875,49891]"
1,game_load.doax_menu_stress.cpu_pfifo_gpu_streaming,1,leaf,GameLoadComposite::DoaxMenuStress-06-CPUPFIFOGPUStreaming,PASS,8,8,1,0,per_iteration,19324,437223,0.437223,54652,53532,56715,54463,56715,411,us,lower_is_better,5dbf320b91a86325,,"{""iterations"":8,""kind"":""game_load_composite"",""phase"":""06-CPUPFIFOGPUStreaming"",""preset"":""DoaxMenuStress"",""result_checksum"":""441dc573"",""schema_version"":2,""seed"":""d0a40002"",""work"":{""alpha_pixels"":85045248,""audio_buffers"":0,""audio_bytes"":0,""audio_mix_operations"":0,""audio_voices"":0,""cpu_fp"":4194304,""cpu_indirect"":4000000,""cpu_memory_bytes"":8388608,""decode_bytes"":2097152,""draws"":12304,""fence_reads"":131072,""gpu_waits"":0,""pfifo_methods"":98312,""primitives"":12304,""surface_reuses"":64,""texture_bytes"":2097152,""vertex_bytes"":2048},""work_checksum"":""24b21af5""}","[54340,54597,53786,55348,53532,54587,56715,54318]"
1,game_load.doax_menu_stress.full_system,1,leaf,GameLoadComposite::DoaxMenuStress-07-FullSystem,PASS,8,8,1,0,per_iteration,20795,443680,0.44368,55460,53772,61112,54947,61112,811,us,lower_is_better,545f7965debce325,,"{""iterations"":8,""kind"":""game_load_composite"",""phase"":""07-FullSystem"",""preset"":""DoaxMenuStress"",""result_checksum"":""03538db8"",""schema_version"":2,""seed"":""d0a40002"",""work"":{""alpha_pixels"":85045248,""audio_buffers"":16,""audio_bytes"":393216,""audio_mix_operations"":1572864,""audio_voices"":16,""cpu_fp"":4194304,""cpu_indirect"":4000000,""cpu_memory_bytes"":8388608,""decode_bytes"":2097152,""draws"":12304,""fence_reads"":131072,""gpu_waits"":0,""pfifo_methods"":98312,""primitives"":12304,""surface_reuses"":64,""texture_bytes"":2097152,""vertex_bytes"":2048},""work_checksum"":""966106c0""}","[61112,53772,54757,55138,53922,55669,54046,55264]"
1,game_load.pgr2_ai_backup.cpu_only,1,leaf,GameLoadComposite::Pgr2AiBackup-01-CPUOnly,PASS,8,8,1,0,per_iteration,640,207114,0.207114,25889,25329,26274,25911,26274,227,us,lower_is_better,e086b0a920c42325,,"{""iterations"":8,""kind"":""game_load_composite"",""phase"":""01-CPUOnly"",""preset"":""Pgr2AiBackup"",""result_checksum"":""a49f0bc1"",""schema_version"":2,""seed"":""50475232"",""work"":{""alpha_pixels"":0,""audio_buffers"":0,""audio_bytes"":0,""audio_mix_operations"":0,""audio_voices"":0,""cpu_fp"":2097152,""cpu_indirect"":8000000,""cpu_memory_bytes"":4194304,""decode_bytes"":524288,""draws"":0,""fence_reads"":0,""gpu_waits"":0,""pfifo_methods"":0,""primitives"":0,""surface_reuses"":0,""texture_bytes"":0,""vertex_bytes"":0},""work_checksum"":""eabfda06""}","[26274,26077,25727,26200,25745,26108,25329,25654]"
1,game_load.pgr2_ai_backup.pfifo_only,1,leaf,GameLoadComposite::Pgr2AiBackup-02-PFIFOOnly,PASS,8,8,1,0,per_iteration,355,122628,0.122628,15328,15099,15671,15311,15671,172,us,lower_is_better,5bc1b07714da2325,,"{""iterations"":8,""kind"":""game_load_composite"",""phase"":""02-PFIFOOnly"",""preset"":""Pgr2AiBackup"",""result_checksum"":""4b051b93"",""schema_version"":2,""seed"":""50475232"",""work"":{""alpha_pixels"":0,""audio_buffers"":0,""audio_bytes"":0,""audio_mix_operations"":0,""audio_voices"":0,""cpu_fp"":0,""cpu_indirect"":0,""cpu_memory_bytes"":0,""decode_bytes"":0,""draws"":0,""fence_reads"":800000,""gpu_waits"":0,""pfifo_methods"":98312,""primitives"":0,""surface_reuses"":0,""texture_bytes"":0,""vertex_bytes"":0},""work_checksum"":""7fc54d75""}","[15115,15671,15451,15342,15507,15099,15162,15281]"
1,game_load.pgr2_ai_backup.gpu_only,1,leaf,GameLoadComposite::Pgr2AiBackup-03-GPUOnly,PASS,8,8,1,0,per_iteration,3013,544782,0.544782,68097,67638,68706,67967,68706,300,us,lower_is_better,f8348ac6eeaaa325,,"{""iterations"":8,""kind"":""game_load_composite"",""phase"":""03-GPUOnly"",""preset"":""Pgr2AiBackup"",""result_checksum"":""c8649bd0"",""schema_version"":2,""seed"":""50475232"",""work"":{""alpha_pixels"":221184000,""audio_buffers"":0,""audio_bytes"":0,""audio_mix_operations"":0,""audio_voices"":0,""cpu_fp"":0,""cpu_indirect"":0,""cpu_memory_bytes"":0,""decode_bytes"":0,""draws"":32000,""fence_reads"":0,""gpu_waits"":0,""pfifo_methods"":0,""primitives"":32000,""surface_reuses"":0,""texture_bytes"":0,""vertex_bytes"":0},""work_checksum"":""5346feb8""}","[68030,68703,67905,67638,68389,67716,67695,68706]"
1,game_load.pgr2_ai_backup.streaming_only,1,leaf,GameLoadComposite::Pgr2AiBackup-04-StreamingOnly,PASS,8,8,1,0,per_iteration,11518,27665,0.027665,3458,3108,4202,3425,4202,55,us,lower_is_better,f43007e31b972325,,"{""iterations"":8,""kind"":""game_load_composite"",""phase"":""04-StreamingOnly"",""preset"":""Pgr2AiBackup"",""result_checksum"":""0d851e63"",""schema_version"":2,""seed"":""50475232"",""work"":{""alpha_pixels"":55296,""audio_buffers"":0,""audio_bytes"":0,""audio_mix_operations"":0,""audio_voices"":0,""cpu_fp"":0,""cpu_indirect"":0,""cpu_memory_bytes"":0,""decode_bytes"":524288,""draws"":8,""fence_reads"":0,""gpu_waits"":0,""pfifo_methods"":0,""primitives"":8,""surface_reuses"":16,""texture_bytes"":1048576,""vertex_bytes"":1024},""work_checksum"":""998a44e5""}","[3126,3418,3428,4202,3108,3423,3451,3509]"
1,game_load.pgr2_ai_backup.cpu_pfifo_gpu,1,leaf,GameLoadComposite::Pgr2AiBackup-05-CPUPFIFOGPU,PASS,8,8,1,0,per_iteration,1909,873098,0.873098,109137,107642,110101,109523,110101,409,us,lower_is_better,48c0585f003ea325,,"{""iterations"":8,""kind"":""game_load_composite"",""phase"":""05-CPUPFIFOGPU"",""preset"":""Pgr2AiBackup"",""result_checksum"":""986ff5c9"",""schema_version"":2,""seed"":""50475232"",""work"":{""alpha_pixels"":221184000,""audio_buffers"":0,""audio_bytes"":0,""audio_mix_operations"":0,""audio_voices"":0,""cpu_fp"":2097152,""cpu_indirect"":8000000,""cpu_memory_bytes"":4194304,""decode_bytes"":524288,""draws"":32000,""fence_reads"":800000,""gpu_waits"":0,""pfifo_methods"":98312,""primitives"":32000,""surface_reuses"":0,""texture_bytes"":0,""vertex_bytes"":0},""work_checksum"":""02af5580""}","[110101,108106,107642,109764,109684,108731,109362,109708]"
1,game_load.pgr2_ai_backup.cpu_pfifo_gpu_streaming,1,leaf,GameLoadComposite::Pgr2AiBackup-06-CPUPFIFOGPUStreaming,PASS,8,8,1,0,per_iteration,9048,893257,0.893257,111657,109776,113532,111835,113532,764,us,lower_is_better,e0430415b6dbe325,,"{""iterations"":8,""kind"":""game_load_composite"",""phase"":""06-CPUPFIFOGPUStreaming"",""preset"":""Pgr2AiBackup"",""result_checksum"":""1fd68950"",""schema_version"":2,""seed"":""50475232"",""work"":{""alpha_pixels"":221239296,""audio_buffers"":0,""audio_bytes"":0,""audio_mix_operations"":0,""audio_voices"":0,""cpu_fp"":2097152,""cpu_indirect"":8000000,""cpu_memory_bytes"":4194304,""decode_bytes"":524288,""draws"":32008,""fence_reads"":800000,""gpu_waits"":0,""pfifo_methods"":98312,""primitives"":32008,""surface_reuses"":16,""texture_bytes"":1048576,""vertex_bytes"":1024},""work_checksum"":""b4910679""}","[112028,110034,111124,109776,111642,112652,113532,112469]"
1,game_load.pgr2_ai_backup.full_system,1,leaf,GameLoadComposite::Pgr2AiBackup-07-FullSystem,PASS,8,8,1,0,per_iteration,8899,905544,0.905544,113193,111843,116471,112773,116471,573,us,lower_is_better,cb91c33db5046325,,"{""iterations"":8,""kind"":""game_load_composite"",""phase"":""07-FullSystem"",""preset"":""Pgr2AiBackup"",""result_checksum"":""79d09f77"",""schema_version"":2,""seed"":""50475232"",""work"":{""alpha_pixels"":221239296,""audio_buffers"":16,""audio_bytes"":393216,""audio_mix_operations"":393216,""audio_voices"":4,""cpu_fp"":2097152,""cpu_indirect"":8000000,""cpu_memory_bytes"":4194304,""decode_bytes"":524288,""draws"":32008,""fence_reads"":800000,""gpu_waits"":0,""pfifo_methods"":98312,""primitives"":32008,""surface_reuses"":16,""texture_bytes"":1048576,""vertex_bytes"":1024},""work_checksum"":""6a911aa2""}","[116471,113306,112160,111843,112849,112378,113840,112697]"
1,high_vertex_count.arrays,1,leaf,High vertex count::HighVtxCount-arrays,PASS,100,100,1,0,per_iteration,13174,17783,0.017783,177,37,2268,41,601,3,us,lower_is_better,a27c67890c2d9083,,null,"[2268,693,44,40,38,38,601,76,39,40,39,572,94,39,38,38,571,90,41,38,39,564,75,39,53,50,606,127,39,38,39,121,507,42,39,38,38,598,89,39,40,38,577,88,40,39,37,116,502,40,45,38,38,594,80,39,38,38,117,505,40,39,39,38,118,523,41,38,38,38,119,526,42,39,38,37,118,526,40,38,42,38,1025,132,45,42,116,615,46,52,568,77,39,37,38,115,497,42,38,38]"
1,high_vertex_count.inline_arrays,1,leaf,High vertex count::HighVtxCount-inlinearrays,PASS,10,10,1,0,per_iteration,4759,303513,0.303513,30351,29563,30903,30356,30903,364,us,lower_is_better,a27c67890c2d9083,,null,"[30819,30515,30880,30166,30903,30098,30198,30621,29563,29750]"
1,high_vertex_count.inline_buffers,1,leaf,High vertex count::HighVtxCount-inlinebuffers,PASS,5,5,1,0,per_iteration,4045,866264,0.866264,173252,171934,177137,172328,177137,319,us,lower_is_better,a27c67890c2d9083,,null,"[177137,172647,171934,172218,172328]"
1,high_vertex_count.inline_elements,1,leaf,High vertex count::HighVtxCount-inlineelements,PASS,50,50,1,0,per_iteration,15681,123270,0.12327,2465,2126,2768,2485,2757,145,us,lower_is_better,a27c67890c2d9083,,null,"[2477,2483,2595,2160,2232,2396,2451,2597,2680,2298,2126,2588,2297,2195,2578,2309,2340,2672,2646,2581,2488,2586,2625,2651,2300,2434,2617,2248,2454,2607,2200,2527,2766,2451,2643,2768,2272,2498,2685,2528,2226,2408,2194,2572,2757,2327,2630,2475,2132,2500]"
1,pfifo_array_elements.array_element_pgr2,1,leaf,PFIFOArrayElements::pfifo.array-element-pgr2,PASS,8,8,1,0,per_iteration,6361,9449,0.009449,1181,744,1522,1193,1522,28,us,lower_is_better,bbc8b0702ffd0325,,"{""actual_final_state"":97908247,""expected_final_state"":97908247,""expected_framebuffer_fnv1a64"":""bbc8b0702ffd0325"",""framebuffer_contract"":""FinishDraw framebuffer_fnv1a64"",""indices_per_packet"":58,""input_kat"":{""index_actual"":870833140,""index_expected"":870833140,""payload_actual"":1432210492,""payload_expected"":1432210492,""vertex_actual"":1466932320,""vertex_expected"":1466932320},""kind"":""pfifo_array_element_capsule"",""method"":""NV097_ARRAY_ELEMENT16"",""non_incrementing"":true,""oracle_provenance"":""REGRESSION_ONLY"",""packet_words"":29,""packets_per_iteration"":256,""rendered_pixel_kat"":{""actual"":416320404,""expected"":416320404},""schema_version"":1,""seed"":""50464946"",""terminal_fence"":""F2 after F1"",""test_id"":""pfifo.array-element-pgr2"",""total_packets"":2048,""total_payload_words"":59392}","[1522,744,1163,1167,1172,1248,1219,1214]"
1,pfifo_array_elements.array_element16,1,leaf,PFIFOArrayElements::pfifo.array-element16,PASS,8,8,1,0,per_iteration,6220,9746,0.009746,1218,612,1382,1289,1382,13,us,lower_is_better,9c884de2a5d32325,,"{""actual_final_state"":3486533672,""expected_final_state"":3486533672,""expected_framebuffer_fnv1a64"":""9c884de2a5d32325"",""framebuffer_contract"":""FinishDraw framebuffer_fnv1a64"",""indices_per_packet"":76,""input_kat"":{""index_actual"":558546181,""index_expected"":558546181,""payload_actual"":944780341,""payload_expected"":944780341,""vertex_actual"":1466932320,""vertex_expected"":1466932320},""kind"":""pfifo_array_element_capsule"",""method"":""NV097_ARRAY_ELEMENT16"",""non_incrementing"":true,""oracle_provenance"":""REGRESSION_ONLY"",""packet_words"":38,""packets_per_iteration"":256,""rendered_pixel_kat"":{""actual"":2406069190,""expected"":2406069190},""schema_version"":1,""seed"":""50464946"",""terminal_fence"":""F2 after F1"",""test_id"":""pfifo.array-element16"",""total_packets"":2048,""total_payload_words"":77824}","[612,1270,1382,1296,1323,1288,1284,1291]"
1,pfifo_array_elements.array_element32,1,leaf,PFIFOArrayElements::pfifo.array-element32,PASS,8,8,1,0,per_iteration,3902,10263,0.010263,1282,1149,1343,1287,1343,24,us,lower_is_better,e079f0cf1a994325,,"{""actual_final_state"":140384092,""expected_final_state"":140384092,""expected_framebuffer_fnv1a64"":""e079f0cf1a994325"",""framebuffer_contract"":""FinishDraw framebuffer_fnv1a64"",""indices_per_packet"":76,""input_kat"":{""index_actual"":558546181,""index_expected"":558546181,""payload_actual"":558546181,""payload_expected"":558546181,""vertex_actual"":1466932320,""vertex_expected"":1466932320},""kind"":""pfifo_array_element_capsule"",""method"":""NV097_ARRAY_ELEMENT32"",""non_incrementing"":true,""oracle_provenance"":""REGRESSION_ONLY"",""packet_words"":76,""packets_per_iteration"":256,""rendered_pixel_kat"":{""actual"":2406069190,""expected"":2406069190},""schema_version"":1,""seed"":""50464946"",""terminal_fence"":""F2 after F1"",""test_id"":""pfifo.array-element32"",""total_packets"":2048,""total_payload_words"":155648}","[1149,1293,1276,1282,1343,1325,1322,1273]"
1,pipeline_texture_switch.clear_texture_normal,1,leaf,PipelineTextureSwitch::pipeline.clear-texture-normal,PASS,8,8,1,0,per_iteration,2926,64157,0.064157,8019,7500,8870,7989,8870,173,us,lower_is_better,22ba4f1405cda325,,"{""actual_final_state"":1099851396,""backing_kat"":{""a_actual"":3187228101,""a_expected"":3187228101,""b_actual"":3289038277,""b_expected"":3289038277},""clear_pipeline_uses"":1024,""clear_to_normal_transitions"":1024,""counter_contract"":{""PIPELINE_DIRTY_CLEAR_BINDING"":"">0"",""PIPELINE_TEXTURE_ONLY_BYPASS"":"">0 after normal bind"",""clear_boundary_counts_as_TEXTURE_ONLY_BYPASS"":false},""descriptor_changes"":2048,""expected_final_state"":1099851396,""expected_framebuffer_fnv1a64"":""22ba4f1405cda325"",""expected_pipeline_dirty_clear_binding"":1024,""expected_pipeline_texture_only_bypass"":1024,""expected_pipeline_texture_with_other_dirty"":1024,""expected_vertex_bindings"":0,""framebuffer_contract"":""FinishDraw framebuffer_fnv1a64"",""input_kat"":{""actual"":440421443,""expected"":440421443},""kind"":""pipeline_clear_texture_normal_capsule"",""normal_draws"":2048,""operations_per_iteration"":640,""oracle_provenance"":""REGRESSION_ONLY"",""phase"":""clear_texture_normal"",""rendered_pixel_kat"":{""actual"":1354761885,""expected"":1354761885},""safe_texture_only_transitions"":1024,""schema_version"":1,""seed"":""50545357"",""terminal_fence"":""F2 after F1"",""test_id"":""pipeline.clear-texture-normal"",""texture_stage_count"":1,""total_operations"":5120,""vertex_binding_mode"":""inline_immediate""}","[8223,7876,7965,7500,7689,8870,8014,8020]"
1,pipeline_texture_switch.sampler_only_identity,1,leaf,PipelineTextureSwitch::pipeline.sampler-only-identity,PASS,8,8,1,0,per_iteration,2110,141984,0.141984,17748,17410,18125,17708,18125,136,us,lower_is_better,0b8438c8404da325,,"{""actual_final_state"":3177800355,""address_changes"":4096,""backing_kat"":{""a_actual"":3453343653,""a_expected"":3453343653,""b_actual"":3289038277,""b_expected"":3289038277},""cold_setup_counter_contract"":{""correlation"":""TEST_BEGIN through F0"",""image_cache_misses"":1,""image_uploads"":1,""sampler_cache_misses"":2},""draws"":4096,""expected_final_state"":3177800355,""expected_framebuffer_fnv1a64"":""0b8438c8404da325"",""framebuffer_contract"":""FinishDraw framebuffer_fnv1a64"",""image_identity_changes"":0,""input_kat"":{""actual"":672910674,""expected"":672910674},""kind"":""pipeline_texture_switch_capsule"",""measured_counter_contract"":{""correlation"":""F0/F1 interval only"",""image_cache_misses"":0,""sampler_cache_misses"":0,""sampler_lookups"":4096},""operations_per_iteration"":512,""oracle_provenance"":""REGRESSION_ONLY"",""phase"":""sampler_only_identity"",""phase_count"":4,""rendered_pixel_kat"":{""actual"":3138308333,""expected"":3138308333},""sampler_changes"":4096,""sampler_identity_count"":2,""schema_version"":1,""seed"":""50545357"",""shader_state_writes"":0,""storage_mip_levels"":5,""terminal_fence"":""F2 after F1"",""test_id"":""pipeline.sampler-only-identity"",""texture_stage_count"":1,""texture_switches"":0,""total_operations"":4096}","[17686,17802,17530,17707,17410,18015,17709,18125]"
1,pipeline_texture_switch.shader_negative_control,1,leaf,PipelineTextureSwitch::pipeline.shader-negative-control,PASS,8,8,1,0,per_iteration,2872,118656,0.118656,14832,14397,15175,14822,15175,114,us,lower_is_better,f110c8bd6338c325,,"{""actual_final_state"":2188296853,""address_changes"":0,""backing_kat"":{""a_actual"":3187228101,""a_expected"":3187228101,""b_actual"":3289038277,""b_expected"":3289038277},""draws"":4096,""expected_final_state"":2188296853,""expected_framebuffer_fnv1a64"":""f110c8bd6338c325"",""framebuffer_contract"":""FinishDraw framebuffer_fnv1a64"",""input_kat"":{""actual"":2848616773,""expected"":2848616773},""kind"":""pipeline_texture_switch_capsule"",""operations_per_iteration"":512,""oracle_provenance"":""REGRESSION_ONLY"",""phase"":""shader_negative_control"",""phase_count"":4,""rendered_pixel_kat"":{""actual"":147187873,""expected"":147187873},""sampler_changes"":0,""schema_version"":1,""seed"":""50545357"",""shader_state_writes"":4096,""terminal_fence"":""F2 after F1"",""test_id"":""pipeline.shader-negative-control"",""texture_stage_count"":1,""texture_switches"":0,""total_operations"":4096}","[14397,15175,14906,14742,14798,15115,14677,14846]"
1,pipeline_texture_switch.texture_switch,1,leaf,PipelineTextureSwitch::pipeline.texture-switch,PASS,8,8,1,0,per_iteration,3332,120550,0.12055,15068,14595,15603,15081,15603,93,us,lower_is_better,8ae05d31fb00c325,,"{""actual_final_state"":2847289206,""address_changes"":4096,""backing_kat"":{""a_actual"":3187228101,""a_expected"":3187228101,""b_actual"":3289038277,""b_expected"":3289038277},""draws"":4096,""expected_final_state"":2847289206,""expected_framebuffer_fnv1a64"":""8ae05d31fb00c325"",""framebuffer_contract"":""FinishDraw framebuffer_fnv1a64"",""input_kat"":{""actual"":2848616773,""expected"":2848616773},""kind"":""pipeline_texture_switch_capsule"",""operations_per_iteration"":512,""oracle_provenance"":""REGRESSION_ONLY"",""phase"":""texture_switch"",""phase_count"":4,""rendered_pixel_kat"":{""actual"":3138308333,""expected"":3138308333},""sampler_changes"":4096,""schema_version"":1,""seed"":""50545357"",""shader_state_writes"":0,""terminal_fence"":""F2 after F1"",""test_id"":""pipeline.texture-switch"",""texture_stage_count"":1,""texture_switches"":4096,""total_operations"":4096}","[15172,14939,15088,15093,14985,15075,14595,15603]"
1,primitive_type.line_loop.fixed_function,1,leaf,PrimitiveType::PrimitiveType-LLoop,PASS,10,10,1,0,per_iteration,4647,8105,0.008105,810,677,1788,683,1788,5,us,lower_is_better,e029a36a3b91c6cc,,null,"[1788,832,682,679,703,696,677,683,681,684]"
1,primitive_type.line_loop.vertex_shader,1,leaf,PrimitiveType::PrimitiveType-LLoop-vsh,PASS,10,10,1,0,per_iteration,3628,7146,0.007146,714,651,1143,667,1143,11,us,lower_is_better,e029a36a3b91c6cc,,null,"[1143,671,653,655,651,669,665,678,704,657]"
1,primitive_type.line_strip.fixed_function,1,leaf,PrimitiveType::PrimitiveType-LStrip,PASS,10,10,1,0,per_iteration,2800,7112,0.007112,711,664,1030,676,1030,10,us,lower_is_better,05e55de77521d31a,,null,"[1030,675,665,687,670,678,664,685,690,668]"
1,primitive_type.line_strip.vertex_shader,1,leaf,PrimitiveType::PrimitiveType-LStrip-vsh,PASS,10,10,1,0,per_iteration,3923,7387,0.007387,738,652,1215,667,1215,14,us,lower_is_better,05e55de77521d31a,,null,"[1215,711,733,757,652,653,666,666,665,669]"
1,primitive_type.lines.fixed_function,1,leaf,PrimitiveType::PrimitiveType-Lines,PASS,10,10,1,0,per_iteration,1170,8756,0.008756,875,671,1462,756,1462,57,us,lower_is_better,e1c19d5c7e7898ab,,null,"[1462,752,742,1136,711,782,671,761,1053,686]"
1,primitive_type.lines.vertex_shader,1,leaf,PrimitiveType::PrimitiveType-Lines-vsh,PASS,10,10,1,0,per_iteration,955,8021,0.008021,802,670,1142,709,1142,28,us,lower_is_better,e1c19d5c7e7898ab,,null,"[1096,705,675,670,714,890,1142,732,692,705]"
1,primitive_type.points.fixed_function,1,leaf,PrimitiveType::PrimitiveType-Points,PASS,10,10,1,0,per_iteration,4135,7462,0.007462,746,644,1527,651,1527,2,us,lower_is_better,5b296619f665c070,,null,"[1527,735,652,654,651,644,649,649,651,650]"
1,primitive_type.points.vertex_shader,1,leaf,PrimitiveType::PrimitiveType-Points-vsh,PASS,10,10,1,0,per_iteration,3890,7515,0.007515,751,646,1583,652,1583,4,us,lower_is_better,5b296619f665c070,,null,"[1583,682,646,648,652,657,651,691,653,652]"
1,primitive_type.polygon.fixed_function,1,leaf,PrimitiveType::PrimitiveType-Poly,PASS,10,10,1,0,per_iteration,4120,7497,0.007497,749,656,1199,695,1199,15,us,lower_is_better,2c4beaa06aba1000,,null,"[1199,656,698,693,689,679,740,710,693,740]"
1,primitive_type.polygon.vertex_shader,1,leaf,PrimitiveType::PrimitiveType-Poly-vsh,PASS,10,10,1,0,per_iteration,3698,7097,0.007097,709,645,1068,670,1068,19,us,lower_is_better,2c4beaa06aba1000,,null,"[1068,672,662,668,649,645,649,672,724,688]"
1,primitive_type.quad_strip.fixed_function,1,leaf,PrimitiveType::PrimitiveType-QuadStrip,PASS,10,10,1,0,per_iteration,1985,8655,0.008655,865,663,1878,701,1878,34,us,lower_is_better,f64b4495347cec73,,null,"[1878,723,671,663,680,744,1085,865,670,676]"
1,primitive_type.quad_strip.vertex_shader,1,leaf,PrimitiveType::PrimitiveType-QuadStrip-vsh,PASS,10,10,1,0,per_iteration,988,8264,0.008264,826,669,1626,685,1626,15,us,lower_is_better,f64b4495347cec73,,null,"[1626,743,690,672,675,791,1046,669,671,681]"
1,primitive_type.quads.fixed_function,1,leaf,PrimitiveType::PrimitiveType-Quads,PASS,10,10,1,0,per_iteration,1531,15402,0.015402,1540,1300,2331,1408,2331,88,us,lower_is_better,114a1419338256e5,,null,"[1466,1323,1697,1499,1300,1772,1351,1322,2331,1341]"
1,primitive_type.quads.vertex_shader,1,leaf,PrimitiveType::PrimitiveType-Quads-vsh,PASS,10,10,1,0,per_iteration,2070,15933,0.015933,1593,1317,2402,1459,2402,110,us,lower_is_better,114a1419338256e5,,null,"[1423,1754,1488,1332,1317,1916,1430,1365,2402,1506]"
1,primitive_type.triangle_fan.fixed_function,1,leaf,PrimitiveType::PrimitiveType-TriFan,PASS,10,10,1,0,per_iteration,3804,7112,0.007112,711,652,1170,658,1170,4,us,lower_is_better,36644f0fd11db166,,null,"[1170,683,655,669,659,652,653,654,659,658]"
1,primitive_type.triangle_fan.vertex_shader,1,leaf,PrimitiveType::PrimitiveType-TriFan-vsh,PASS,10,10,1,0,per_iteration,3647,7006,0.007006,700,643,1093,658,1093,3,us,lower_is_better,36644f0fd11db166,,null,"[1093,675,643,658,658,659,646,658,661,655]"
1,primitive_type.triangle_strip.fixed_function,1,leaf,PrimitiveType::PrimitiveType-TriStrip,PASS,10,10,1,0,per_iteration,3539,6870,0.00687,687,587,717,702,717,13,us,lower_is_better,d7b289579fdaa1ab,,null,"[587,673,678,714,717,679,707,710,697,708]"
1,primitive_type.triangle_strip.vertex_shader,1,leaf,PrimitiveType::PrimitiveType-TriStrip-vsh,PASS,10,10,1,0,per_iteration,3862,7267,0.007267,726,652,1182,655,1182,3,us,lower_is_better,d7b289579fdaa1ab,,null,"[1182,685,763,714,652,656,652,655,654,654]"
1,primitive_type.triangles.fixed_function,1,leaf,PrimitiveType::PrimitiveType-Tris,PASS,10,10,1,0,per_iteration,2911,12764,0.012764,1276,1178,1307,1298,1307,4,us,lower_is_better,72f05baf369ceb60,,null,"[1252,1178,1239,1298,1302,1298,1298,1307,1294,1298]"
1,primitive_type.triangles.vertex_shader,1,leaf,PrimitiveType::PrimitiveType-Tris-vsh,PASS,10,10,1,0,per_iteration,3521,13411,0.013411,1341,1233,1410,1353,1410,19,us,lower_is_better,72f05baf369ceb60,,null,"[1236,1233,1378,1352,1351,1410,1354,1374,1370,1353]"
1,report_query.clear_boundary,1,leaf,ReportQuery::report.clear-boundary,PASS,4,4,1,0,per_iteration,531,2440,0.00244,610,267,1269,452,1269,155,us,lower_is_better,b5eb7c4b9c8da325,,null,"[1269,326,578,267]"
1,report_query.dma_target_switch,1,leaf,ReportQuery::report.dma-target-switch,PASS,4,4,1,0,per_iteration,684,3068,0.003068,767,540,901,813,901,73,us,lower_is_better,4c4bd8cd440da325,,null,"[540,755,872,901]"
1,report_query.fifo_producer_ordering,1,leaf,ReportQuery::report.fifo-producer-ordering,PASS,4,4,1,0,per_iteration,37,2989,0.002989,747,560,831,799,831,23,us,lower_is_better,0d907c24a88da325,,null,"[560,831,785,813]"
1,report_query.multiple_boundaries,1,leaf,ReportQuery::report.multiple-boundaries,PASS,4,4,1,0,per_iteration,7,2390,0.00239,597,274,806,655,806,127,us,lower_is_better,0c966fc9ba4da325,,null,"[759,274,551,806]"
1,report_query.single_boundary,1,leaf,ReportQuery::report.single-boundary,PASS,4,4,1,0,per_iteration,649,2131,0.002131,532,294,797,520,797,122,us,lower_is_better,60e674c9fecda325,,null,"[502,797,294,538]"
1,report_query.zero_query,1,leaf,ReportQuery::report.zero-query,PASS,4,4,1,0,per_iteration,296,569,0.000569,142,13,455,50,455,34,us,lower_is_better,23875dfeb40da325,,null,"[455,82,19,13]"
1,surface.basic,1,leaf,SurfaceRendering::SurfaceRendering,PASS,10,10,1,0,per_iteration,10744,121958,0.121958,12195,10798,16302,11932,16302,482,us,lower_is_better,0f44c0df337b52bc,,null,"[16302,11391,11811,12616,12080,11508,12053,10798,12102,11297]"
1,surface.cpu_read_after_gpu_write,1,leaf,SurfaceRendering::XemuCpuReadAfterGpuWrite,PASS,20,20,1,0,per_iteration,27,9358,0.009358,467,289,1161,434,583,110,us,lower_is_better,76ea18af98322325,,null,"[1161,289,535,331,535,325,552,328,547,326,583,333,569,321,549,326,547,326,546,329]"
1,surface.cpu_read_clean_surface,1,leaf,SurfaceRendering::XemuCpuReadCleanSurface,PASS,100,100,1,0,per_iteration,3067,13387,0.013387,133,65,464,67,392,1,us,lower_is_better,d3267b427820a325,,null,"[464,156,429,99,98,376,67,71,66,358,66,66,66,66,351,70,66,67,66,363,67,67,66,66,393,67,67,67,67,381,66,67,66,350,66,66,67,66,375,71,66,66,66,66,380,72,66,66,67,66,67,392,66,66,66,70,371,67,67,67,67,374,66,66,67,67,366,67,67,68,67,372,66,66,66,355,67,66,69,66,343,66,66,66,67,349,69,66,65,66,419,66,66,66,70,399,66,66,66,66]"
1,surface.framebuffer_working_set_002,1,leaf,SurfaceRendering::XemuFramebufferWorkingSet002,PASS,20,20,1,0,per_iteration,10199,24281,0.024281,1214,908,1695,1167,1643,232,us,lower_is_better,9f3b0609a42777d5,,null,"[1578,939,1643,908,1565,924,1583,943,996,1564,927,972,1313,1695,931,1083,1166,1191,1169,1191]"
1,surface.framebuffer_working_set_008,1,leaf,SurfaceRendering::XemuFramebufferWorkingSet008,PASS,20,20,1,0,per_iteration,10472,24454,0.024454,1222,847,1698,1048,1685,154,us,lower_is_better,64cbf95dec8f59e5,,null,"[1046,1560,1022,877,1666,999,1685,1075,1677,999,1050,1316,910,1698,976,1576,941,1583,951,847]"
1,surface.framebuffer_working_set_032,1,leaf,SurfaceRendering::XemuFramebufferWorkingSet032,PASS,20,20,1,0,per_iteration,11438,25355,0.025355,1267,886,1803,1189,1634,218,us,lower_is_better,a6116feb11a28c25,,null,"[1634,978,1542,941,1563,963,1524,955,1500,1377,886,1803,1323,1174,1189,1172,1184,1162,1189,1296]"
1,surface.framebuffer_working_set_064,1,leaf,SurfaceRendering::XemuFramebufferWorkingSet064,PASS,20,20,1,0,per_iteration,12171,26060,0.02606,1303,920,1783,1487,1612,210,us,lower_is_better,a6116feb11a28c25,,null,"[1584,939,1612,975,1534,974,1586,1454,1536,975,1550,965,1547,996,1520,939,1783,920,1596,1075]"
1,surface.full_clear_elision_guard,1,leaf,SurfaceRendering::XemuFullClearElisionGuard,PASS,100,100,1,0,per_iteration,128811,134642,0.134642,1346,686,5574,1297,2058,205,us,lower_is_better,4f05ccd43f43d495,,null,"[5574,1714,1448,1218,757,1745,1714,1444,1384,1131,1125,1549,907,1297,1317,1298,1040,2058,1320,1041,1290,1290,1320,1506,826,750,965,1333,775,1806,1115,798,1270,1837,1208,2016,1358,1297,1304,1471,1329,1237,959,1269,765,1084,1104,2032,1322,752,929,1275,1276,2085,1396,1373,1189,1382,1843,2154,1362,1396,1391,1404,1501,2008,951,1039,1477,1643,1511,2167,686,1140,995,1110,975,2153,1376,1305,759,1222,1232,1504,941,956,1306,862,934,2030,866,969,954,1314,1300,1873,760,1323,1289,1287]"
1,surface.overlapping_surface_churn_representative,1,leaf,SurfaceRendering::XemuOverlappingSurfaceChurnRepresentative,PASS,100,100,1,0,per_iteration,206360,216040,0.21604,2160,1446,6969,1922,2790,201,us,lower_is_better,caf66d4bf5691525,,null,"[2391,2786,1947,1850,2674,1884,1873,3168,1813,1851,2391,1823,1839,2645,2171,1802,2574,1873,1887,2627,1923,1922,3104,1937,1881,2634,6969,2252,2594,1877,1883,2688,1749,1885,2582,1821,1498,2860,1805,1626,2696,1817,1706,2790,1815,1799,2734,1781,1744,2533,1780,1887,2589,1800,1799,2340,1612,1765,2458,2028,1817,2538,1446,1736,2288,1765,1755,2647,1989,1649,2605,1785,1827,2606,1810,1819,2707,1699,1772,2348,1781,1904,2443,1464,2378,2319,1975,1533,2442,2061,2041,2845,2431,1849,2652,1956,1950,2610,1623,2343]"
1,surface.overlapping_surface_churn_stress,1,leaf,SurfaceRendering::XemuOverlappingSurfaceChurnStress,PASS,10,10,1,0,per_iteration,253010,263361,0.263361,26336,25518,26935,26344,26935,445,us,lower_is_better,caf66d4bf5691525,,null,"[26854,26738,25728,26050,26935,25518,26840,26010,26583,26105]"
1,surface.partial_channel_clear_guard,1,leaf,SurfaceRendering::XemuPartialChannelClearGuard,PASS,100,100,1,0,per_iteration,129257,136059,0.136059,1360,510,2296,1317,2108,85,us,lower_is_better,eb2cb498aa73af25,,null,"[1256,1715,1435,2296,1418,1420,1278,1380,1177,2251,1416,1333,1716,1377,1309,2226,1317,1315,1359,1344,1324,2058,1358,1790,1293,1279,1292,1855,633,1029,1301,1329,768,1815,1273,1580,1376,1340,852,1670,1293,1280,1112,1320,1306,1851,1298,756,1317,1310,1316,2108,1270,510,955,1320,844,1632,1306,1139,1320,771,1463,2197,1068,1320,663,1098,1245,1480,987,1276,1281,1117,868,1945,1217,1325,1302,1364,1138,1473,1041,1321,1140,1114,1315,2202,1323,1276,1312,1337,1306,2028,1337,1492,1311,1370,1328,1792]"
1,surface.surface_download_path,1,leaf,SurfaceRendering::XemuSurfaceDownloadPath,PASS,10,10,1,0,per_iteration,50817,128262,0.128262,12826,11367,13901,12820,13901,707,us,lower_is_better,2b0e8aac0f8838e8,,null,"[12655,12661,12082,11367,13040,12979,13709,12143,13901,13725]"
1,surface.surface_list_lookup_002,1,leaf,SurfaceRendering::XemuSurfaceListLookup002,PASS,20,20,1,0,per_iteration,11198,25620,0.02562,1281,898,1835,1384,1627,324,us,lower_is_better,dce4c9394e7a3f35,,null,"[1485,931,1586,936,1548,931,1600,946,1627,937,1584,1493,898,979,1542,943,1594,942,1835,1283]"
1,surface.surface_list_lookup_008,1,leaf,SurfaceRendering::XemuSurfaceListLookup008,PASS,20,20,1,0,per_iteration,12411,26320,0.02632,1316,904,1915,1192,1896,175,us,lower_is_better,bf1fe5b8fe78a94d,,null,"[1598,1087,1690,1136,1662,1014,1280,1896,1020,904,1414,1045,1177,1207,1168,1915,1317,1745,924,1121]"
1,surface.surface_list_lookup_032,1,leaf,SurfaceRendering::XemuSurfaceListLookup032,PASS,20,20,1,0,per_iteration,13421,27594,0.027594,1379,992,2186,1271,1687,272,us,lower_is_better,c6275b91195a5325,,null,"[1645,1126,1686,1101,1661,992,1406,1005,2186,1020,1660,1008,1685,1117,1666,1121,1687,1136,1660,1026]"
1,surface.surface_list_lookup_128,1,leaf,SurfaceRendering::XemuSurfaceListLookup128,PASS,20,20,1,0,per_iteration,11468,26015,0.026015,1300,930,1688,1337,1631,216,us,lower_is_better,c6275b91195a5325,,null,"[1014,1522,1284,1620,1272,1631,1283,965,1688,930,1569,1136,1503,1390,930,1483,939,1483,950,1423]"
1,surface.vulkan_memory_pressure.representative.growth,1,leaf,SurfaceRendering::XemuVulkanMemoryPressureRepresentative-growth,PASS,4,4,1,0,per_iteration,45435,59713,0.059713,14928,13285,18598,13915,18598,335,us,lower_is_better,c1b304b452852b25,,"{""alias_offset"":0,""checkpoint"":""growth"",""expected_memory_behavior"":""growth_from_unique_surface_texture_keys"",""fixed_profile_samples"":4,""guest_identity_count"":16,""guest_pressure_multiplier"":1,""kind"":""vulkan_memory_pressure_checkpoint"",""new_surface_texture_keys"":16,""schema_version"":1,""seed"":""564d5052"",""transitions_per_work_iteration"":64,""xemu_render_scale"":""external""}","[18598,13875,13285,13955]"
1,surface.vulkan_memory_pressure.representative.plateau,1,leaf,SurfaceRendering::XemuVulkanMemoryPressureRepresentative-plateau,PASS,4,4,1,0,per_iteration,40142,53920,0.05392,13480,12873,14056,13495,14056,358,us,lower_is_better,730005d86af45b25,,"{""alias_offset"":0,""checkpoint"":""plateau"",""expected_memory_behavior"":""plateau_no_new_surface_texture_keys"",""fixed_profile_samples"":4,""guest_identity_count"":16,""guest_pressure_multiplier"":1,""kind"":""vulkan_memory_pressure_checkpoint"",""new_surface_texture_keys"":0,""schema_version"":1,""seed"":""564d5052"",""transitions_per_work_iteration"":64,""xemu_render_scale"":""external""}","[12873,14056,13341,13650]"
1,surface.vulkan_memory_pressure.representative.alias_resize,1,leaf,SurfaceRendering::XemuVulkanMemoryPressureRepresentative-alias_resize,PASS,4,4,1,0,per_iteration,40455,58800,0.0588,14700,13710,17203,13943,17203,152,us,lower_is_better,0c26236493b4d325,,"{""alias_offset"":6144,""checkpoint"":""alias_resize"",""expected_memory_behavior"":""cache_retention_allowed_for_overlapping_alias_resize_keys"",""fixed_profile_samples"":4,""guest_identity_count"":16,""guest_pressure_multiplier"":1,""kind"":""vulkan_memory_pressure_checkpoint"",""new_surface_texture_keys"":16,""schema_version"":1,""seed"":""564d5052"",""transitions_per_work_iteration"":64,""xemu_render_scale"":""external""}","[17203,13710,14015,13872]"
1,surface.vulkan_memory_pressure.representative.reuse,1,leaf,SurfaceRendering::XemuVulkanMemoryPressureRepresentative-reuse,PASS,4,4,1,0,per_iteration,41721,55856,0.055856,13964,12795,17168,12946,17168,143,us,lower_is_better,3ba0d18066aacb25,,"{""alias_offset"":0,""checkpoint"":""reuse"",""expected_memory_behavior"":""plateau_reuse_of_original_surface_texture_keys"",""fixed_profile_samples"":4,""guest_identity_count"":16,""guest_pressure_multiplier"":1,""kind"":""vulkan_memory_pressure_checkpoint"",""new_surface_texture_keys"":0,""schema_version"":1,""seed"":""564d5052"",""transitions_per_work_iteration"":64,""xemu_render_scale"":""external""}","[17168,12795,12812,13081]"
1,surface.vulkan_memory_pressure.representative.idle_retention,1,leaf,SurfaceRendering::XemuVulkanMemoryPressureRepresentative-idle_retention,PASS,4,4,1,0,per_iteration,1374,3438,0.003438,859,741,1084,806,1084,62,us,lower_is_better,3a8651789ea0fa25,,"{""alias_offset"":0,""checkpoint"":""idle_retention"",""expected_memory_behavior"":""cache_retention_observable_without_new_work_keys"",""fixed_profile_samples"":4,""guest_identity_count"":16,""guest_pressure_multiplier"":1,""kind"":""vulkan_memory_pressure_checkpoint"",""new_surface_texture_keys"":0,""schema_version"":1,""seed"":""564d5052"",""transitions_per_work_iteration"":16,""xemu_render_scale"":""external""}","[1084,748,865,741]"
1,surface.vulkan_memory_pressure.representative,1,group,SurfaceRendering::XemuVulkanMemoryPressureRepresentative,PASS,0,0,1,0,per_iteration,0,0,0,0,0,0,0,0,0,us,neutral,7e188dabb186cb25,5,"{""checkpoint_count"":5,""fixed_profile_samples"":4,""growth_profile_iterations"":4,""guest_identity_count"":16,""guest_pressure_multiplier"":1,""idle_profile_iterations"":4,""kind"":""vulkan_memory_pressure_summary"",""oracle_compatibility_key"":""vulkan-memory-pressure-bgra-v1"",""oracle_expected_kat"":""0d626fa0"",""oracle_failure_count"":0,""oracle_failure_mask"":""0000000000000000"",""oracle_nonfatal"":true,""oracle_observed_kat"":""0d626fa0"",""oracle_observed_tiles"":[""ff3c78b4"",""ffb46e3c"",""ff56a866"",""ff9a4fb4""],""oracle_status"":""PASS"",""schema_version"":1,""seed"":""564d5052"",""transitions_per_work_iteration"":64,""xemu_render_scale"":""external""}",[]
1,surface.vulkan_memory_pressure.stress.growth,1,leaf,SurfaceRendering::XemuVulkanMemoryPressureStress-growth,PASS,4,4,1,0,per_iteration,156377,223399,0.223399,55849,50153,67879,52683,67879,1294,us,lower_is_better,94cdb4bddb0e4b25,,"{""alias_offset"":0,""checkpoint"":""growth"",""expected_memory_behavior"":""growth_from_unique_surface_texture_keys"",""fixed_profile_samples"":4,""guest_identity_count"":64,""guest_pressure_multiplier"":4,""kind"":""vulkan_memory_pressure_checkpoint"",""new_surface_texture_keys"":64,""schema_version"":1,""seed"":""564d5052"",""transitions_per_work_iteration"":256,""xemu_render_scale"":""external""}","[67879,52742,50153,52625]"
1,surface.vulkan_memory_pressure.stress.plateau,1,leaf,SurfaceRendering::XemuVulkanMemoryPressureStress-plateau,PASS,4,4,1,0,per_iteration,92585,211683,0.211683,52920,51295,54722,52833,54722,1453,us,lower_is_better,196f33989be28325,,"{""alias_offset"":0,""checkpoint"":""plateau"",""expected_memory_behavior"":""plateau_no_new_surface_texture_keys"",""fixed_profile_samples"":4,""guest_identity_count"":64,""guest_pressure_multiplier"":4,""kind"":""vulkan_memory_pressure_checkpoint"",""new_surface_texture_keys"":0,""schema_version"":1,""seed"":""564d5052"",""transitions_per_work_iteration"":256,""xemu_render_scale"":""external""}","[54722,51295,54202,51464]"
1,surface.vulkan_memory_pressure.stress.alias_resize,1,leaf,SurfaceRendering::XemuVulkanMemoryPressureStress-alias_resize,PASS,4,4,1,0,per_iteration,138280,229336,0.229336,57334,51779,71457,53050,71457,1049,us,lower_is_better,84a8d75f1f9d1b25,,"{""alias_offset"":6144,""checkpoint"":""alias_resize"",""expected_memory_behavior"":""cache_retention_allowed_for_overlapping_alias_resize_keys"",""fixed_profile_samples"":4,""guest_identity_count"":64,""guest_pressure_multiplier"":4,""kind"":""vulkan_memory_pressure_checkpoint"",""new_surface_texture_keys"":64,""schema_version"":1,""seed"":""564d5052"",""transitions_per_work_iteration"":256,""xemu_render_scale"":""external""}","[71457,53878,52222,51779]"
1,surface.vulkan_memory_pressure.stress.reuse,1,leaf,SurfaceRendering::XemuVulkanMemoryPressureStress-reuse,PASS,4,4,1,0,per_iteration,133532,225581,0.225581,56395,51935,67430,53108,67430,996,us,lower_is_better,fb2a6abd1cbfc725,,"{""alias_offset"":0,""checkpoint"":""reuse"",""expected_memory_behavior"":""plateau_reuse_of_original_surface_texture_keys"",""fixed_profile_samples"":4,""guest_identity_count"":64,""guest_pressure_multiplier"":4,""kind"":""vulkan_memory_pressure_checkpoint"",""new_surface_texture_keys"":0,""schema_version"":1,""seed"":""564d5052"",""transitions_per_work_iteration"":256,""xemu_render_scale"":""external""}","[67430,53928,52288,51935]"
1,surface.vulkan_memory_pressure.stress.idle_retention,1,leaf,SurfaceRendering::XemuVulkanMemoryPressureStress-idle_retention,PASS,4,4,1,0,per_iteration,1341,3154,0.003154,788,723,834,798,834,29,us,lower_is_better,430711a262877725,,"{""alias_offset"":0,""checkpoint"":""idle_retention"",""expected_memory_behavior"":""cache_retention_observable_without_new_work_keys"",""fixed_profile_samples"":4,""guest_identity_count"":64,""guest_pressure_multiplier"":4,""kind"":""vulkan_memory_pressure_checkpoint"",""new_surface_texture_keys"":0,""schema_version"":1,""seed"":""564d5052"",""transitions_per_work_iteration"":16,""xemu_render_scale"":""external""}","[821,723,776,834]"
1,surface.vulkan_memory_pressure.stress,1,group,SurfaceRendering::XemuVulkanMemoryPressureStress,PASS,0,0,1,0,per_iteration,0,0,0,0,0,0,0,0,0,us,neutral,7e188dabb186cb25,5,"{""checkpoint_count"":5,""fixed_profile_samples"":4,""growth_profile_iterations"":4,""guest_identity_count"":64,""guest_pressure_multiplier"":4,""idle_profile_iterations"":4,""kind"":""vulkan_memory_pressure_summary"",""oracle_compatibility_key"":""vulkan-memory-pressure-bgra-v1"",""oracle_expected_kat"":""0d626fa0"",""oracle_failure_count"":0,""oracle_failure_mask"":""0000000000000000"",""oracle_nonfatal"":true,""oracle_observed_kat"":""0d626fa0"",""oracle_observed_tiles"":[""ff3c78b4"",""ffb46e3c"",""ff56a866"",""ff9a4fb4""],""oracle_status"":""PASS"",""schema_version"":1,""seed"":""564d5052"",""transitions_per_work_iteration"":256,""xemu_render_scale"":""external""}",[]
1,tiny_draw.arrays.fixed_function,1,leaf,TinyDraw::TinyDraw-arrays,PASS,10,10,1,0,per_iteration,4459,177925,0.177925,17792,16962,18795,17619,18795,404,us,lower_is_better,acf025546cf667b5,,null,"[18795,17436,18604,17940,17586,17439,16962,18378,17132,17653]"
1,tiny_draw.arrays.vertex_shader,1,leaf,TinyDraw::TinyDraw-arrays-vsh,PASS,10,10,1,0,per_iteration,2242,176638,0.176638,17663,17007,18662,17565,18662,153,us,lower_is_better,acf025546cf667b5,,null,"[17595,17419,17535,17722,17715,17381,17007,18662,17486,18116]"
1,tiny_draw.inline_arrays.fixed_function,1,leaf,TinyDraw::TinyDraw-inlinearrays,PASS,10,10,1,0,per_iteration,605,652414,0.652414,65241,61132,71784,64296,71784,792,us,lower_is_better,acf025546cf667b5,,null,"[64187,68956,63573,63434,64405,64509,71784,66773,61132,63661]"
1,tiny_draw.inline_arrays.vertex_shader,1,leaf,TinyDraw::TinyDraw-inlinearrays-vsh,PASS,10,10,1,0,per_iteration,222,617700,0.6177,61770,59646,66417,61204,66417,650,us,lower_is_better,acf025546cf667b5,,null,"[60981,60228,61333,61527,64324,60434,66417,59646,61076,61734]"
1,tiny_draw.inline_buffers.fixed_function,1,leaf,TinyDraw::TinyDraw-inlinebuffers,PASS,10,10,1,0,per_iteration,543,669170,0.66917,66917,64096,70729,66366,70729,623,us,lower_is_better,acf025546cf667b5,,null,"[68845,70729,66302,67219,64096,66163,65967,67214,66204,66431]"
1,tiny_draw.inline_buffers.vertex_shader,1,leaf,TinyDraw::TinyDraw-inlinebuffers-vsh,PASS,10,10,1,0,per_iteration,467,643845,0.643845,64384,61785,72246,63850,72246,1344,us,lower_is_better,acf025546cf667b5,,null,"[65784,61785,62209,64951,62263,62949,63913,63787,72246,63958]"
1,tiny_draw.inline_elements.fixed_function,1,leaf,TinyDraw::TinyDraw-inlineelements,PASS,10,10,1,0,per_iteration,1873,169320,0.16932,16932,16361,17622,16789,17622,87,us,lower_is_better,acf025546cf667b5,,null,"[17526,16751,17251,16361,16760,16779,16653,16799,16818,17622]"
1,tiny_draw.inline_elements.vertex_shader,1,leaf,TinyDraw::TinyDraw-inlineelements-vsh,PASS,10,10,1,0,per_iteration,2389,172854,0.172854,17285,16910,17786,17216,17786,194,us,lower_is_better,acf025546cf667b5,,null,"[17730,17786,16910,17208,17224,17052,17032,17613,17287,17012]"
1,uniform_thrash.uniform_thrash,1,leaf,UniformThrash::UniformThrash,PASS,10,10,1,0,per_iteration,3861,13195,0.013195,1319,1005,2336,1212,2336,165,us,lower_is_better,09eb5907ef624c25,,null,"[2336,1584,1392,1052,1149,1005,1275,1041,1062,1299]"
1,vertex_buffer_allocation.mixed.arrays,1,leaf,Vertex buffer allocation::MixedVtxAlloc-arrays,PASS,10,10,1,0,per_iteration,1810,222676,0.222676,22267,21638,23857,22134,23857,215,us,lower_is_better,377e6c029807f325,,"{""draw_mode"":""arrays"",""embedded_completion"":{""included_in_raw_timing"":true,""scope"":""per_body"",""wait_calls_measured"":10,""wait_calls_total"":10,""wait_calls_warmup"":0,""wait_us_total"":3568},""kind"":""vertex_allocation_validity"",""result_checksum"":""f36e0ec5"",""retained_vertex_ram"":true,""schema_version"":1,""tile_center_kat"":""f36e0ec5"",""work_checksum"":""e3d10075""}","[23857,22171,22007,21675,22172,21830,22129,22140,23057,21638]"
1,vertex_buffer_allocation.mixed.inline_arrays,1,leaf,Vertex buffer allocation::MixedVtxAlloc-inlinearrays,PASS,10,10,1,0,per_iteration,27,912215,0.912215,91221,88603,94989,90151,94989,1265,us,lower_is_better,377e6c029807f325,,"{""draw_mode"":""inlinearrays"",""embedded_completion"":{""included_in_raw_timing"":true,""scope"":""per_body"",""wait_calls_measured"":10,""wait_calls_total"":10,""wait_calls_warmup"":0,""wait_us_total"":3131},""kind"":""vertex_allocation_validity"",""result_checksum"":""f36e0ec5"",""retained_vertex_ram"":false,""schema_version"":1,""tile_center_kat"":""f36e0ec5"",""work_checksum"":""56626e4f""}","[89516,89168,92856,94989,93710,88603,90404,89608,93463,89898]"
1,vertex_buffer_allocation.mixed.inline_buffers,1,leaf,Vertex buffer allocation::MixedVtxAlloc-inlinebuffers,PASS,10,10,1,0,per_iteration,299,4642746,4.642746,464274,460630,468196,464075,468196,1020,us,lower_is_better,377e6c029807f325,,"{""draw_mode"":""inlinebuffers"",""embedded_completion"":{""included_in_raw_timing"":true,""scope"":""per_body"",""wait_calls_measured"":10,""wait_calls_total"":10,""wait_calls_warmup"":0,""wait_us_total"":1808},""kind"":""vertex_allocation_validity"",""result_checksum"":""f36e0ec5"",""retained_vertex_ram"":false,""schema_version"":1,""tile_center_kat"":""f36e0ec5"",""work_checksum"":""2021e638""}","[460630,464725,463958,463389,464192,468196,468182,461333,463050,465091]"
1,vertex_buffer_allocation.mixed.inline_elements,1,leaf,Vertex buffer allocation::MixedVtxAlloc-inlineelements,PASS,10,10,1,0,per_iteration,1295,267439,0.267439,26743,26328,27077,26752,27077,134,us,lower_is_better,377e6c029807f325,,"{""draw_mode"":""inlineelements"",""embedded_completion"":{""included_in_raw_timing"":true,""scope"":""per_body"",""wait_calls_measured"":10,""wait_calls_total"":10,""wait_calls_warmup"":0,""wait_us_total"":3102},""kind"":""vertex_allocation_validity"",""result_checksum"":""f36e0ec5"",""retained_vertex_ram"":true,""schema_version"":1,""tile_center_kat"":""f36e0ec5"",""work_checksum"":""1008c2f2""}","[26328,26923,27077,26827,26733,26977,26420,26772,26655,26727]"
1,vertex_buffer_allocation.tiny.arrays,1,leaf,Vertex buffer allocation::TinyAlloc-arrays,PASS,10,10,1,0,per_iteration,2078,281794,0.281794,28179,27157,29924,27871,29924,501,us,lower_is_better,377e6c029807f325,,"{""draw_mode"":""arrays"",""embedded_completion"":{""included_in_raw_timing"":true,""scope"":""per_body"",""wait_calls_measured"":10,""wait_calls_total"":10,""wait_calls_warmup"":0,""wait_us_total"":2244},""kind"":""vertex_allocation_validity"",""result_checksum"":""f36e0ec5"",""retained_vertex_ram"":true,""schema_version"":1,""tile_center_kat"":""f36e0ec5"",""work_checksum"":""4380bb3f""}","[28081,27863,27375,27364,27756,27157,27880,29401,29924,28993]"
1,vertex_buffer_allocation.tiny.inline_arrays,1,leaf,Vertex buffer allocation::TinyAlloc-inlinearrays,PASS,10,10,1,0,per_iteration,759,685283,0.685283,68528,66014,71769,68741,71769,704,us,lower_is_better,377e6c029807f325,,"{""draw_mode"":""inlinearrays"",""embedded_completion"":{""included_in_raw_timing"":true,""scope"":""per_body"",""wait_calls_measured"":10,""wait_calls_total"":10,""wait_calls_warmup"":0,""wait_us_total"":977},""kind"":""vertex_allocation_validity"",""result_checksum"":""f36e0ec5"",""retained_vertex_ram"":false,""schema_version"":1,""tile_center_kat"":""f36e0ec5"",""work_checksum"":""e4d10535""}","[68813,66750,69927,68701,68936,68518,68782,66014,67073,71769]"
1,vertex_buffer_allocation.tiny.inline_buffers,1,leaf,Vertex buffer allocation::TinyAlloc-inlinebuffers,PASS,10,10,1,0,per_iteration,364,901280,0.90128,90128,84884,92924,90213,92924,1613,us,lower_is_better,377e6c029807f325,,"{""draw_mode"":""inlinebuffers"",""embedded_completion"":{""included_in_raw_timing"":true,""scope"":""per_body"",""wait_calls_measured"":10,""wait_calls_total"":10,""wait_calls_warmup"":0,""wait_us_total"":1000},""kind"":""vertex_allocation_validity"",""result_checksum"":""f36e0ec5"",""retained_vertex_ram"":false,""schema_version"":1,""tile_center_kat"":""f36e0ec5"",""work_checksum"":""e4f91de2""}","[84884,88783,92923,89249,88438,92924,91812,90530,89896,91841]"
1,vertex_buffer_allocation.tiny.inline_elements,1,leaf,Vertex buffer allocation::TinyAlloc-inlineelements,PASS,10,10,1,0,per_iteration,1963,293029,0.293029,29302,28689,30156,29360,30156,403,us,lower_is_better,377e6c029807f325,,"{""draw_mode"":""inlineelements"",""embedded_completion"":{""included_in_raw_timing"":true,""scope"":""per_body"",""wait_calls_measured"":10,""wait_calls_total"":10,""wait_calls_warmup"":0,""wait_us_total"":2229},""kind"":""vertex_allocation_validity"",""result_checksum"":""f36e0ec5"",""retained_vertex_ram"":true,""schema_version"":1,""tile_center_kat"":""f36e0ec5"",""work_checksum"":""9ae68ad8""}","[30156,29517,28758,28743,29664,29775,29203,28969,29555,28689]"
1,vertex_buffer_allocation.disjoint_same_page,1,leaf,Vertex buffer allocation::XemuVertexRamDisjointSamePage,PASS,10,10,1,0,per_iteration,2507,188815,0.188815,18881,18500,19267,18874,19267,270,us,lower_is_better,fdcd25a37910bb25,,null,"[18646,18520,18500,18755,19046,18994,19186,19267,18681,19220]"
