timestamp_utc,segment,host_cpu_pct,process_cpu_core_pct,host_mem_total,host_mem_used,host_mem_available,process_working_set,process_private,swap_total,swap_used,pagefile_usage_pct,process_read_bps,process_write_bps,gpu_pct,process_gpu_pct,vram_total,vram_used,process_vram,gpu_temp_c,gpu_power_w,collector_ms,collector_duty_pct,overrun,errors
2026-10-05T07:29:12.9692964+00:00,"",18.75,,15524212736,5696548864,9827663872,38002688,17440768,8835817472,2685243392,,,,0,,1073741824,946581504,,,,0.72,0.144,0,""
2026-10-05T07:29:13.4701150+00:00,"",45.278,101.901,15524212736,6155169792,9369042944,263741440,1955971072,8835817472,2684862464,,2847921.322,409184.098,0,,1073741824,946581504,,,,2.254,0.451,0,""
2026-10-05T07:29:13.9690879+00:00,"",32.663,98.137,15524212736,6946627584,8577585152,489046016,2210512896,8835817472,2684854272,,262518.411,844981.136,0,,1073741824,948973568,,,,1.56,0.312,0,""
2026-10-05T07:29:14.4699021+00:00,"",26.396,77.912,15524212736,6988283904,8535928832,514826240,2286415872,8835817472,2684813312,,0,106374.462,12,,1073741824,948973568,,,,2.086,0.417,0,""
2026-10-05T07:29:14.9689116+00:00,"",53.109,232.267,15524212736,7039885312,8484327424,546832384,2360094720,8835817472,2684813312,,5749142.193,106617.473,12,,1073741824,948973568,,,,1.844,0.369,0,""
2026-10-05T07:29:15.4692545+00:00,"",54.377,271.952,15524212736,7029014528,8495198208,568758272,2370498560,8835817472,2684784640,,0,98286.372,0,,1073741824,950226944,,,,1.853,0.371,0,""
2026-10-05T07:29:15.9683229+00:00,"",58.718,312.418,15524212736,7129153536,8395059200,574853120,2375073792,8835817472,2684760064,,0,172265.662,0,,1073741824,950226944,,,,1.568,0.314,0,""
2026-10-05T07:29:16.4680241+00:00,"",55.729,298.301,15524212736,7116726272,8407486464,580145152,2378182656,8835817472,2684715008,,8199.988,163999.754,0,,1073741824,950226944,,,,1.951,0.39,0,""
2026-10-05T07:29:16.9689802+00:00,"",58.14,318.023,15524212736,7136546816,8387665920,582627328,2380537856,8835817472,2684710912,,8178.309,139031.257,100,,1073741824,950284288,,,,2.765,0.553,0,""
2026-10-05T07:29:17.4684126+00:00,"",55.802,273.667,15524212736,7137001472,8387211264,582696960,2380537856,8835817472,2684694528,,0,73766.577,100,,1073741824,950284288,,,,1.955,0.391,0,""
2026-10-05T07:29:17.9682390+00:00,"",55.128,278.162,15524212736,7148367872,8375844864,582901760,2380767232,8835817472,2684653568,,0,40984.899,97,,1073741824,950284288,,,,1.716,0.343,0,""
2026-10-05T07:29:18.4682057+00:00,"",53.766,276.063,15524212736,7123570688,8400642048,583254016,2381107200,8835817472,2684628992,,0,40968.659,76,,1073741824,950808576,,,,2.103,0.421,0,""
2026-10-05T07:29:18.9672393+00:00,"",53.766,274.417,15524212736,7130570752,8393641984,583331840,2381168640,8835817472,2684628992,,0,49227.172,76,,1073741824,950808576,,,,1.877,0.375,0,""
2026-10-05T07:29:19.4670241+00:00,"",54.005,274.418,15524212736,7112347648,8411865088,583393280,2381230080,8835817472,2684604416,,0,32817.833,100,,1073741824,950808576,,,,2.298,0.46,0,""
2026-10-05T07:29:19.9672185+00:00,"",53.506,271.81,15524212736,7140679680,8383533056,583856128,2381676544,8835817472,2684604416,,8186.014,73674.129,4,,1073741824,950808576,,,,2.622,0.524,0,""
2026-10-05T07:29:20.4653195+00:00,"",44.675,208.633,15524212736,7126667264,8397545472,583921664,2381737984,8835817472,2684579840,,0,8217.146,4,,1073741824,950808576,,,,1.388,0.278,0,""
2026-10-05T07:29:20.9660914+00:00,"",39.896,177.977,15524212736,7139745792,8384466944,583987200,2381799424,8835817472,2684579840,,0,8190.966,0,,1073741824,950808576,,,,2.647,0.529,0,""
2026-10-05T07:29:21.4650938+00:00,"",47.631,210.241,15524212736,7146024960,8378187776,583995392,2381799424,8835817472,2684563456,,0,32806.744,100,,1073741824,950808576,,,,1.733,0.347,0,""
2026-10-05T07:29:21.9671197+00:00,"",50.765,255.061,15524212736,7125741568,8398471168,584740864,2382544896,8835817472,2684563456,,0,73454.954,77,,1073741824,950808576,,,,3.703,0.741,0,""
2026-10-05T07:29:22.4648062+00:00,"",47.906,236.91,15524212736,7130402816,8393809920,598913024,2386214912,8835817472,2684547072,,0,57565.846,77,,1073741824,950808576,,,,1.666,0.333,0,""
2026-10-05T07:29:22.9652183+00:00,"",60.367,317.763,15524212736,7124226048,8399986688,601030656,2386214912,8835817472,2684547072,,8186.015,114604.215,97,,1073741824,950808576,,,,1.647,0.329,0,""
2026-10-05T07:29:23.4651284+00:00,"",38.021,154.052,15524212736,7140347904,8383864832,601100288,2386276352,8835817472,2684526592,,0,0,100,,1073741824,950808576,,,,1.591,0.318,0,""
2026-10-05T07:29:23.9650796+00:00,"",37.859,154.12,15524212736,7144890368,8379322368,601104384,2386276352,8835817472,2684526592,,0,0,100,,1073741824,950808576,,,,1.916,0.383,0,""
2026-10-05T07:29:24.4641502+00:00,"",27.154,144.108,15524212736,7122620416,8401592320,600309760,2386276352,8835817472,2684510208,,0,8198.164,100,,1073741824,950808576,,,,1.47,0.294,0,""
2026-10-05T07:29:24.9642772+00:00,"",27.735,154.056,15524212736,7177494528,8346718208,616452096,2600013824,8835817472,2684510208,,7383729.725,57365.27,0,,1073741824,950808576,,,,1.836,0.367,0,""
2026-10-05T07:29:25.4640945+00:00,"",63.472,308.022,15524212736,7328108544,8196104192,621666304,2600222720,8835817472,2684493824,,843796.46,57345.391,68,,1073741824,950808576,,,,2.185,0.437,0,""
2026-10-05T07:29:25.9628310+00:00,"",43.846,184.404,15524212736,7312572416,8211640320,621670400,2600226816,8835817472,2684493824,,262733.055,24631.224,68,,1073741824,950808576,,,,1.493,0.299,0,""
2026-10-05T07:29:26.4623493+00:00,"",32.051,164.212,15524212736,7313473536,8210739200,621670400,2600226816,8835817472,2684473344,,262483.448,8202.608,100,,1073741824,951074816,,,,1.58,0.316,0,""
2026-10-05T07:29:26.9608478+00:00,"",28.462,168.447,15524212736,7313592320,8210620416,621670400,2600226816,8835817472,2684473344,,262845.044,0,100,,1073741824,951074816,,,,1.34,0.268,0,""
2026-10-05T07:29:27.4615356+00:00,"",26.943,161.821,15524212736,7313453056,8210759680,621674496,2600226816,8835817472,2684456960,,523701.686,0,37,,1073741824,951074816,,,,2.17,0.434,0,""
2026-10-05T07:29:27.9611418+00:00,"",27.763,164.261,15524212736,7313809408,8210403328,621682688,2600226816,8835817472,2684456960,,525130.807,0,100,,1073741824,951074816,,,,1.787,0.357,0,""
2026-10-05T07:29:28.4612332+00:00,"",28.133,163.923,15524212736,7314051072,8210161664,621682688,2600226816,8835817472,2684440576,,524026.569,0,0,,1073741824,951074816,,,,1.79,0.358,0,""
2026-10-05T07:29:28.9612528+00:00,"",27.835,166.024,15524212736,7311998976,8212213760,621682688,2600226816,8835817472,2684440576,,524372.137,0,46,,1073741824,951074816,,,,1.874,0.375,0,""
2026-10-05T07:29:29.4604327+00:00,"",30.203,168.112,15524212736,7311974400,8212238336,621682688,2600226816,8835817472,2684424192,,524645.976,8197.593,46,,1073741824,951074816,,,,1.267,0.253,0,""
2026-10-05T07:29:29.9601430+00:00,"",29.471,166.238,15524212736,7310229504,8213983232,621682688,2600226816,8835817472,2684424192,,262516.749,0,100,,1073741824,951074816,,,,2.015,0.403,0,""
2026-10-05T07:29:30.4591971+00:00,"",28.052,166.203,15524212736,7309938688,8214274048,621682688,2600226816,8835817472,2684403712,,524926.305,0,100,,1073741824,951074816,,,,1.55,0.31,0,""
2026-10-05T07:29:30.9591483+00:00,"",27.461,166.214,15524212736,7277637632,8246575104,621686784,2600226816,8835817472,2684403712,,262465.37,0,0,,1073741824,951074816,,,,2.289,0.458,0,""
2026-10-05T07:29:31.4575324+00:00,"",28.198,170.335,15524212736,7278280704,8245932032,621694976,2600226816,8835817472,2684387328,,525315.179,8208.05,0,,1073741824,951074816,,,,1.678,0.336,0,""
2026-10-05T07:29:31.9585459+00:00,"",27.979,167.874,15524212736,7275061248,8249151488,621699072,2600226816,8835817472,2684387328,,261961.831,0,0,,1073741824,951074816,,,,2.052,0.41,0,""
2026-10-05T07:29:32.4573575+00:00,"",39.075,164.172,15524212736,7275552768,8248659968,621699072,2600226816,8835817472,2684370944,,524829.207,0,0,,1073741824,951074816,,,,1.65,0.33,0,""
2026-10-05T07:29:32.9582747+00:00,"",28.967,165.864,15524212736,7274295296,8249917440,621699072,2600226816,8835817472,2684370944,,261935.045,0,0,,1073741824,951074816,,,,2.708,0.542,0,""
2026-10-05T07:29:33.4566687+00:00,"",36.104,166.364,15524212736,7275892736,8248320000,621699072,2600226816,8835817472,2684354560,,262717.459,0,0,,1073741824,951074816,,,,1.549,0.31,0,""
2026-10-05T07:29:33.9572706+00:00,"",27.907,159.886,15524212736,7275552768,8248659968,621699072,2600226816,8835817472,2684354560,,523903.912,0,100,,1073741824,951074816,,,,1.777,0.355,0,""
2026-10-05T07:29:34.4561809+00:00,"",27.461,166.31,15524212736,7275421696,8248791040,621699072,2600226816,8835817472,2684334080,,262634.255,8207.32,100,,1073741824,951074816,,,,1.485,0.297,0,""
2026-10-05T07:29:34.9562543+00:00,"",27.877,164.146,15524212736,7271702528,8252510208,621699072,2600226816,8835817472,2684334080,,262391.036,0,100,,1073741824,951074816,,,,1.932,0.386,0,""
2026-10-05T07:29:35.4562405+00:00,"",28.351,163.945,15524212736,7272968192,8251244544,622043136,2600300544,8835817472,2684317696,,524097.37,0,64,,1073741824,951074816,,,,1.984,0.397,0,""
2026-10-05T07:29:35.9564916+00:00,"",29.897,176.108,15524212736,7273201664,8251011072,622043136,2600300544,8835817472,2684317696,,524595.461,0,63,,1073741824,951074816,,,,2.341,0.468,0,""
2026-10-05T07:29:36.4563623+00:00,"",30.479,171.93,15524212736,7273201664,8251011072,622043136,2600300544,8835817472,2684301312,,0,0,79,,1073741824,951074816,,,,2.104,0.421,0,""
2026-10-05T07:29:36.9541314+00:00,"",30.402,170.534,15524212736,7271219200,8252993536,622043136,2600300544,8835817472,2684301312,,262976.363,0,79,,1073741824,951074816,,,,1.276,0.255,0,""
2026-10-05T07:29:37.4544306+00:00,"",28.421,176.123,15524212736,7271071744,8253140992,622043136,2600300544,8835817472,2684284928,,524642.504,8197.539,4,,1073741824,951074816,,,,2.111,0.422,0,""
2026-10-05T07:29:37.9529408+00:00,"",28.535,168.308,15524212736,7271055360,8253157376,622043136,2600300544,8835817472,2684284928,,262630.347,0,4,,1073741824,951074816,,,,1.384,0.277,0,""
2026-10-05T07:29:38.4532394+00:00,"",27.604,170.124,15524212736,7270924288,8253288448,622043136,2600300544,8835817472,2684264448,,262318.687,0,47,,1073741824,951074816,,,,2.481,0.496,0,""
2026-10-05T07:29:38.9515659+00:00,"",28.093,168.32,15524212736,7270924288,8253288448,622043136,2600300544,8835817472,2684264448,,262653.921,0,47,,1073741824,951074816,,,,1.373,0.275,0,""
2026-10-05T07:29:39.4523417+00:00,"",27.649,165.833,15524212736,7271022592,8253190144,622047232,2600300544,8835817472,2684248064,,523758.324,8183.724,22,,1073741824,951074816,,,,2.3,0.46,0,""
2026-10-05T07:29:39.9506224+00:00,"",27.39,166.482,15524212736,7271006208,8253206528,622047232,2600300544,8835817472,2684248064,,525809.348,0,22,,1073741824,951074816,,,,1.36,0.272,0,""
2026-10-05T07:29:40.4502573+00:00,"",37.789,158.21,15524212736,7260090368,8264122368,622047232,2600300544,8835817472,2684231680,,525005.847,0,100,,1073741824,951074816,,,,1.602,0.32,0,""
2026-10-05T07:29:40.9495149+00:00,"",37.984,162.17,15524212736,7260200960,8264011776,622047232,2600300544,8835817472,2684231680,,262408.553,0,100,,1073741824,951074816,,,,1.818,0.364,0,""
2026-10-05T07:29:41.4502570+00:00,"",29.825,167.899,15524212736,7260065792,8264146944,622047232,2600300544,8835817472,2684211200,,261991.259,0,100,,1073741824,951074816,,,,1.924,0.385,0,""
2026-10-05T07:29:41.9503972+00:00,"",28.934,165.98,15524212736,7260180480,8264032256,622047232,2600300544,8835817472,2684211200,,524214.012,0,4,,1073741824,951074816,,,,2.46,0.492,0,""
2026-10-05T07:29:42.4483632+00:00,"",27.835,166.472,15524212736,7260037120,8264175616,622047232,2600300544,8835817472,2684194816,,525796.621,8215.572,4,,1073741824,951074816,,,,1.304,0.261,0,""
2026-10-05T07:29:42.9483211+00:00,"",27.979,170.072,15524212736,7260278784,8263933952,622047232,2600300544,8835817472,2684194816,,524494.435,0,100,,1073741824,951074816,,,,1.772,0.354,0,""
2026-10-05T07:29:43.4495189+00:00,"",28.682,171.845,15524212736,7260016640,8264196096,622051328,2600300544,8835817472,2684178432,,523834.775,0,100,,1073741824,951074816,,,,3.42,0.684,0,""
2026-10-05T07:29:43.9472015+00:00,"",27.907,168.47,15524212736,7259852800,8264359936,622051328,2600300544,8835817472,2684178432,,788633.296,0,100,,1073741824,951074816,,,,1.293,0.259,0,""
2026-10-05T07:29:44.4473810+00:00,"",28.831,167.991,15524212736,7259721728,8264491008,622051328,2600300544,8835817472,2684162048,,262124.095,8191.378,3,,1073741824,951074816,,,,1.978,0.396,0,""
2026-10-05T07:29:44.9461511+00:00,"",21.851,130.3,15524212736,7259717632,8264495104,621383680,2600300544,8835817472,2684162048,,0,0,3,,1073741824,951074816,,,,1.438,0.288,0,""
2026-10-05T07:29:45.4456119+00:00,"",23.75,126.158,15524212736,7259717632,8264495104,621391872,2600300544,8835817472,2684141568,,0,0,87,,1073741824,951074816,,,,1.798,0.36,0,""
2026-10-05T07:29:45.9457779+00:00,"",22.693,123.971,15524212736,7259721728,8264491008,621391872,2600300544,8835817472,2684141568,,0,0,80,,1073741824,951074816,,,,1.544,0.309,0,""
2026-10-05T07:29:46.4449390+00:00,"",23.018,134.172,15524212736,7260495872,8263716864,621391872,2600300544,8835817472,2684125184,,0,0,80,,1073741824,951074816,,,,1.294,0.259,0,""
2026-10-05T07:29:46.9444012+00:00,"",21.939,126.257,15524212736,7260495872,8263716864,621391872,2600300544,8835817472,2684125184,,0,0,5,,1073741824,951074816,,,,1.717,0.343,0,""
2026-10-05T07:29:47.4434541+00:00,"",22.938,132.146,15524212736,7260495872,8263716864,621391872,2600300544,8835817472,2684108800,,0,0,5,,1073741824,951074816,,,,1.409,0.282,0,""
2026-10-05T07:29:47.9433252+00:00,"",21.628,126.179,15524212736,7260479488,8263733248,621391872,2600300544,8835817472,2684108800,,0,0,100,,1073741824,951074816,,,,1.873,0.375,0,""
2026-10-05T07:29:48.4433881+00:00,"",23.41,127.935,15524212736,7260725248,8263487488,621391872,2600300544,8835817472,2684092416,,0,0,64,,1073741824,951074816,,,,1.956,0.391,0,""
2026-10-05T07:29:48.9437645+00:00,"",39.793,213.707,15524212736,7294541824,8229670912,623632384,2600300544,8835817472,2684092416,,1873296.223,278131.317,68,,1073741824,951074816,,,,2.221,0.444,0,""
2026-10-05T07:29:49.4429089+00:00,"",58.808,286.434,15524212736,7302008832,8222203904,626356224,2600300544,8835817472,2684071936,,2034787.876,82047.898,68,,1073741824,951074816,,,,1.435,0.287,0,""
2026-10-05T07:29:49.9424045+00:00,"",30.227,120.144,15524212736,7284088832,8240123904,628453376,2600300544,8835817472,2684067840,,1033428.752,8201.815,53,,1073741824,951074816,,,,1.438,0.288,0,""
2026-10-05T07:29:50.4436074+00:00,"",21.97,123.851,15524212736,7284367360,8239845376,628461568,2600300544,8835817472,2684051456,,1170076.071,0,100,,1073741824,951074816,,,,2.058,0.412,0,""
2026-10-05T07:29:50.9433484+00:00,"",24.359,151.921,15524212736,7289323520,8234889216,637005824,2600353792,8835817472,2684051456,,19412707.09,8187.561,5,,1073741824,951074816,,,,1.788,0.358,0,""
2026-10-05T07:29:51.4434421+00:00,"",58.839,312.137,15524212736,7314518016,8209694720,641290240,2600423424,8835817472,2684035072,,1819344.642,122928.692,100,,1073741824,951074816,,,,2.417,0.483,0,""
2026-10-05T07:29:51.9428101+00:00,"",66.129,356.173,15524212736,7313678336,8210534400,645570560,2602520576,8835817472,2684030976,,655674.986,40979.687,2,,1073741824,951074816,,,,2.849,0.57,0,""
2026-10-05T07:29:52.4415902+00:00,"",58.466,292.621,15524212736,7313539072,8210673664,645591040,2602520576,8835817472,2684014592,,459742.566,32838.755,2,,1073741824,951074816,,,,1.436,0.287,0,""
2026-10-05T07:29:52.9413878+00:00,"",38.342,174.191,15524212736,7296606208,8227606528,645591040,2602520576,8835817472,2684014592,,262439.578,0,100,,1073741824,951074816,,,,1.577,0.315,0,""
2026-10-05T07:29:53.4404161+00:00,"",30.025,166.206,15524212736,7297056768,8227155968,645591040,2602520576,8835817472,2683994112,,262464.695,0,100,,1073741824,951074816,,,,1.532,0.306,0,""
2026-10-05T07:29:53.9406672+00:00,"",30.457,173.969,15524212736,7296991232,8227221504,645591040,2602520576,8835817472,2683994112,,262096.832,8190.526,100,,1073741824,951074816,,,,2.164,0.433,0,""
2026-10-05T07:29:54.4391936+00:00,"",30.179,176.458,15524212736,7298138112,8226074624,645591040,2602520576,8835817472,2683977728,,262833.066,0,100,,1073741824,951074816,,,,1.207,0.241,0,""
2026-10-05T07:29:54.9386422+00:00,"",29.427,178.299,15524212736,7298301952,8225910784,645591040,2602520576,8835817472,2683977728,,262568.386,8205.262,48,,1073741824,951074816,,,,1.731,0.346,0,""
2026-10-05T07:29:55.4387851+00:00,"",31.282,183.912,15524212736,7298461696,8225751040,645591040,2602520576,8835817472,2683961344,,262030.214,0,100,,1073741824,951074816,,,,1.788,0.358,0,""
2026-10-05T07:29:55.9384191+00:00,"",28.646,174.079,15524212736,7296299008,8227913728,645591040,2602520576,8835817472,2683961344,,262245.277,0,100,,1073741824,951074816,,,,1.543,0.309,0,""
2026-10-05T07:29:56.4384321+00:00,"",29.923,176.195,15524212736,7296540672,8227672064,645591040,2602520576,8835817472,2683944960,,262452.655,0,98,,1073741824,951074816,,,,1.98,0.396,0,""
2026-10-05T07:29:56.9384128+00:00,"",27.72,161.999,15524212736,7296475136,8227737600,645619712,2602520576,8835817472,2683944960,,8191.994,8191.994,99,,1073741824,951074816,,,,2.044,0.409,0,""
2026-10-05T07:29:57.4367497+00:00,"",32.25,180.387,15524212736,7297413120,8226799616,645627904,2602520576,8835817472,2683924480,,262708.221,0,99,,1073741824,951074816,,,,1.371,0.274,0,""
2026-10-05T07:29:57.9364584+00:00,"",32.648,174.259,15524212736,7294398464,8229814272,647651328,2602520576,8835817472,2683924480,,0,8204.056,71,,1073741824,951074816,,,,1.773,0.355,0,""
2026-10-05T07:29:58.4367407+00:00,"",28.941,171.858,15524212736,7294857216,8229355520,647651328,2602520576,8835817472,2683908096,,523849.316,0,98,,1073741824,951074816,,,,1.67,0.334,0,""
2026-10-05T07:29:58.9378111+00:00,"",30.155,177.811,15524212736,7294599168,8229613568,647651328,2602520576,8835817472,2683908096,,0,16343.661,100,,1073741824,951074816,,,,2.228,0.446,0,""
2026-10-05T07:29:59.4362695+00:00,"",29.124,172.267,15524212736,7295614976,8228597760,647651328,2602520576,8835817472,2683891712,,0,0,100,,1073741824,951074816,,,,1.629,0.326,0,""
2026-10-05T07:29:59.9355692+00:00,"",30.357,176.266,15524212736,7295610880,8228601856,647651328,2602520576,8835817472,2683891712,,0,0,75,,1073741824,951074816,,,,1.657,0.331,0,""
2026-10-05T07:30:00.4356769+00:00,"",29.581,179.981,15524212736,7295856640,8228356096,647651328,2602520576,8835817472,2683867136,,0,0,100,,1073741824,951074816,,,,1.529,0.306,0,""
2026-10-05T07:30:00.9354477+00:00,"",27.937,172.011,15524212736,7293628416,8230584320,647843840,2602659840,8835817472,2683867136,,262170.288,139277.966,100,,1073741824,951074816,,,,1.329,0.266,0,""
2026-10-05T07:30:01.4355251+00:00,"",31.328,176.209,15524212736,7293792256,8230420480,647856128,2602659840,8835817472,2683850752,,262451.483,0,100,,1073741824,951074816,,,,2.136,0.427,0,""
2026-10-05T07:30:01.9345374+00:00,"",31.218,180.142,15524212736,7293956096,8230256640,647856128,2602659840,8835817472,2683838464,,262355.722,0,100,,1073741824,951074816,,,,1.378,0.276,0,""
2026-10-05T07:30:02.4345356+00:00,"",29.049,176.027,15524212736,7294148608,8230064128,647856128,2602659840,8835817472,2683822080,,262182.563,0,100,,1073741824,951074816,,,,1.808,0.362,0,""
2026-10-05T07:30:02.9355073+00:00,"",29.275,177.801,15524212736,7294312448,8229900288,647856128,2602659840,8835817472,2683822080,,261852.33,0,91,,1073741824,951074816,,,,1.915,0.383,0,""
2026-10-05T07:30:03.4359156+00:00,"",39.583,177.699,15524212736,7294763008,8229449728,647860224,2602659840,8835817472,2683805696,,261701.858,8178.183,42,,1073741824,951074816,,,,1.536,0.307,0,""
2026-10-05T07:30:03.9357661+00:00,"",30.928,178.069,15524212736,7339782144,8184430592,647860224,2602659840,8835817472,2683805696,,262248.746,0,100,,1073741824,951074816,,,,1.544,0.309,0,""
2026-10-05T07:30:04.4365989+00:00,"",29.87,181.686,15524212736,7339716608,8184496128,647860224,2602659840,8835817472,2683785216,,261689.274,0,98,,1073741824,951074816,,,,2.284,0.457,0,""
2026-10-05T07:30:04.9354019+00:00,"",30.052,178.377,15524212736,7337553920,8186658816,647876608,2602659840,8835817472,2683785216,,262697.905,0,98,,1073741824,951074816,,,,1.334,0.267,0,""
2026-10-05T07:30:05.4357668+00:00,"",30.457,176.112,15524212736,7337488384,8186724352,647876608,2602659840,8835817472,2683768832,,262301.945,0,74,,1073741824,951074816,,,,2.687,0.537,0,""
2026-10-05T07:30:05.9343188+00:00,"",31.234,180.277,15524212736,7337357312,8186855424,647876608,2602659840,8835817472,2683768832,,525108.667,0,74,,1073741824,951074816,,,,1.249,0.25,0,""
2026-10-05T07:30:06.4336674+00:00,"",29.716,180.293,15524212736,7337357312,8186855424,647876608,2602659840,8835817472,2683752448,,0,8204.804,2,,1073741824,951074816,,,,1.718,0.344,0,""
2026-10-05T07:30:06.9346589+00:00,"",29.974,181.84,15524212736,7337635840,8186576896,647876608,2602659840,8835817472,2683752448,,523853.148,0,0,,1073741824,951074816,,,,2.129,0.426,0,""
2026-10-05T07:30:07.4331123+00:00,"",30.548,186.309,15524212736,7337795584,8186417152,647876608,2602659840,8835817472,2683736064,,262585.982,0,0,,1073741824,951074816,,,,1.296,0.259,0,""
2026-10-05T07:30:07.9328428+00:00,"",30.57,184.146,15524212736,7309717504,8214495232,647876608,2602659840,8835817472,2683736064,,262354.951,0,100,,1073741824,951074816,,,,1.449,0.29,0,""
2026-10-05T07:30:08.4328407+00:00,"",28.125,174.018,15524212736,7309709312,8214503424,647876608,2602659840,8835817472,2683711488,,0,0,0,,1073741824,951074816,,,,1.559,0.312,0,""
2026-10-05T07:30:08.9319825+00:00,"",28.866,172.23,15524212736,7309340672,8214872064,647876608,2602659840,8835817472,2683711488,,0,0,0,,1073741824,951074816,,,,1.213,0.243,0,""
2026-10-05T07:30:09.4318091+00:00,"",29.639,176.14,15524212736,7309750272,8214462464,647884800,2602659840,8835817472,2683695104,,262340.63,8198.145,34,,1073741824,951074816,,,,1.744,0.349,0,""
2026-10-05T07:30:09.9315116+00:00,"",30.982,174.053,15524212736,7309750272,8214462464,647884800,2602659840,8835817472,2683695104,,0,0,34,,1073741824,951074816,,,,1.473,0.295,0,""
2026-10-05T07:30:10.4326375+00:00,"",28.497,173.782,15524212736,7309996032,8214216704,647884800,2602659840,8835817472,2683678720,,0,8181.57,100,,1073741824,951074816,,,,2.062,0.412,0,""
2026-10-05T07:30:10.9319530+00:00,"",27.532,172.099,15524212736,7309926400,8214286336,647884800,2602659840,8835817472,2683678720,,262299.756,0,100,,1073741824,951074816,,,,1.444,0.289,0,""
2026-10-05T07:30:11.4326340+00:00,"",29.457,173.919,15524212736,7309926400,8214286336,647892992,2602659840,8835817472,2683658240,,0,8188.086,98,,1073741824,951074816,,,,2.373,0.475,0,""
2026-10-05T07:30:11.9319674+00:00,"",29.843,182.079,15524212736,7305666560,8218546176,647892992,2602659840,8835817472,2683658240,,262258.334,0,99,,1073741824,951074816,,,,1.384,0.277,0,""
2026-10-05T07:30:12.4314152+00:00,"",28.46,174.14,15524212736,7305641984,8218570752,647892992,2602659840,8835817472,2683637760,,262346.47,0,99,,1073741824,951074816,,,,1.472,0.294,0,""
2026-10-05T07:30:12.9307387+00:00,"",29.167,180.286,15524212736,7305572352,8218640384,647892992,2602659840,8835817472,2683637760,,262566.944,0,100,,1073741824,951074816,,,,1.767,0.353,0,""
2026-10-05T07:30:13.4309738+00:00,"",30.435,177.93,15524212736,7305662464,8218550272,647929856,2602659840,8835817472,2683621376,,327555.801,8188.895,57,,1073741824,951074816,,,,1.463,0.293,0,""
2026-10-05T07:30:13.9302910+00:00,"",32.331,180.186,15524212736,7305822208,8218390528,647929856,2602659840,8835817472,2683621376,,262410.13,0,57,,1073741824,951074816,,,,1.58,0.316,0,""
2026-10-05T07:30:14.4298551+00:00,"",27.154,170.448,15524212736,7310622720,8213590016,650027008,2602659840,8835817472,2683604992,,262841.582,0,100,,1073741824,951074816,,,,2.161,0.432,0,""
2026-10-05T07:30:14.9298387+00:00,"",26.425,163.782,15524212736,7310622720,8213590016,650027008,2602659840,8835817472,2683604992,,0,0,0,,1073741824,951074816,,,,2.277,0.455,0,""
2026-10-05T07:30:15.4281872+00:00,"",31.07,186.545,15524212736,7310557184,8213655552,650027008,2602659840,8835817472,2683588608,,262919.921,8216.248,0,,1073741824,951074816,,,,1.482,0.296,0,""
2026-10-05T07:30:15.9279950+00:00,"",28.534,174.104,15524212736,7310557184,8213655552,650027008,2602659840,8835817472,2683588608,,0,0,5,,1073741824,951074816,,,,1.452,0.29,0,""
2026-10-05T07:30:16.4278893+00:00,"",36.292,210.073,15524212736,7310721024,8213491712,650027008,2602659840,8835817472,2683568128,,262229.134,8194.66,10,,1073741824,951074816,,,,1.716,0.343,0,""
2026-10-05T07:30:16.9278490+00:00,"",30.052,180.071,15524212736,7310721024,8213491712,650027008,2602659840,8835817472,2683568128,,0,0,95,,1073741824,951074816,,,,2.128,0.426,0,""
2026-10-05T07:30:17.4262336+00:00,"",46.41,254.65,15524212736,7307829248,8216383488,650944512,2603421696,8835817472,2683551744,,262816.717,98556.269,95,,1073741824,951074816,,,,1.458,0.292,0,""
2026-10-05T07:30:17.9266415+00:00,"",65.354,344.146,15524212736,7336067072,8188145664,650952704,2603421696,8835817472,2683547648,,270440.445,32780.66,100,,1073741824,951074816,,,,2.755,0.551,0,""
2026-10-05T07:30:18.4266571+00:00,"",65.426,345.764,15524212736,7312986112,8211226624,650952704,2603421696,8835817472,2683531264,,0,49118.553,100,,1073741824,951074816,,,,2.328,0.466,0,""
2026-10-05T07:30:18.9257900+00:00,"",43.264,190.328,15524212736,7330172928,8194039808,650952704,2603421696,8835817472,2683531264,,0,24618.551,100,,1073741824,951074816,,,,1.634,0.327,0,""
2026-10-05T07:30:19.4267538+00:00,"",32.558,179.831,15524212736,7313371136,8210841600,650956800,2603421696,8835817472,2683506688,,261899.595,0,0,,1073741824,951074816,,,,2.589,0.518,0,""
2026-10-05T07:30:19.9258289+00:00,"",29.639,180.115,15524212736,7311446016,8212766720,650956800,2603421696,8835817472,2683506688,,254120.767,0,6,,1073741824,951074816,,,,1.933,0.387,0,""
2026-10-05T07:30:20.4257661+00:00,"",28.982,180.038,15524212736,7311446016,8212766720,650956800,2603421696,8835817472,2683486208,,0,0,100,,1073741824,951074816,,,,1.574,0.315,0,""
2026-10-05T07:30:20.9251778+00:00,"",28.571,176.124,15524212736,7311446016,8212766720,650956800,2603421696,8835817472,2683486208,,0,0,100,,1073741824,951074816,,,,1.266,0.253,0,""
2026-10-05T07:30:21.4249876+00:00,"",32.391,180.136,15524212736,7311691776,8212520960,650960896,2603421696,8835817472,2683469824,,0,8198.133,100,,1073741824,951074816,,,,1.484,0.297,0,""
2026-10-05T07:30:21.9242757+00:00,"",31.156,176.191,15524212736,7311691776,8212520960,650960896,2603421696,8835817472,2683469824,,0,0,100,,1073741824,951074816,,,,1.52,0.304,0,""
2026-10-05T07:30:22.4238914+00:00,"",29.87,182.184,15524212736,7311949824,8212262912,650960896,2603421696,8835817472,2683453440,,0,0,100,,1073741824,951074816,,,,1.522,0.304,0,""
2026-10-05T07:30:22.9240499+00:00,"",29.351,179.961,15524212736,7312179200,8212033536,650960896,2603421696,8835817472,2683453440,,0,0,98,,1073741824,951074816,,,,1.637,0.327,0,""
2026-10-05T07:30:23.4246715+00:00,"",28.871,181.905,15524212736,7312125952,8212086784,650960896,2603421696,8835817472,2683437056,,0,0,100,,1073741824,951074816,,,,2.262,0.452,0,""
2026-10-05T07:30:23.9240518+00:00,"",29.351,180.101,15524212736,7312121856,8212090880,650960896,2603421696,8835817472,2683437056,,0,0,98,,1073741824,951074816,,,,1.782,0.356,0,""
2026-10-05T07:30:24.4233278+00:00,"",29.134,182.196,15524212736,7312121856,8212090880,650960896,2603421696,8835817472,2683416576,,0,0,98,,1073741824,951074816,,,,1.501,0.3,0,""
2026-10-05T07:30:24.9237720+00:00,"",29.534,179.9,15524212736,7312236544,8211976192,650960896,2603421696,8835817472,2683416576,,262002.104,0,68,,1073741824,951074816,,,,2.354,0.471,0,""
2026-10-05T07:30:25.4226033+00:00,"",30.311,182.359,15524212736,7312236544,8211976192,650960896,2603421696,8835817472,2683400192,,0,16416.61,68,,1073741824,951074816,,,,1.598,0.32,0,""
2026-10-05T07:30:25.9231086+00:00,"",31.75,175.874,15524212736,7312236544,8211976192,650960896,2603421696,8835817472,2683400192,,0,0,100,,1073741824,951074816,,,,1.852,0.37,0,""
2026-10-05T07:30:26.4224388+00:00,"",30.749,186.222,15524212736,7312236544,8211976192,650960896,2603421696,8835817472,2683383808,,0,0,100,,1073741824,951074816,,,,1.384,0.277,0,""
2026-10-05T07:30:26.9218396+00:00,"",28.382,182.451,15524212736,7312236544,8211976192,650960896,2603421696,8835817472,2683383808,,0,0,99,,1073741824,951074816,,,,2.095,0.419,0,""
2026-10-05T07:30:27.4207614+00:00,"",29.396,180.231,15524212736,7312236544,8211976192,650960896,2603421696,8835817472,2683363328,,0,0,63,,1073741824,951074816,,,,1.639,0.328,0,""
2026-10-05T07:30:27.9203785+00:00,"",28.721,180.06,15524212736,7312236544,8211976192,650960896,2603421696,8835817472,2683363328,,0,0,63,,1073741824,951074816,,,,1.292,0.258,0,""
2026-10-05T07:30:28.4198304+00:00,"",28.684,182.276,15524212736,7312236544,8211976192,650960896,2603421696,8835817472,2683346944,,0,8203.459,78,,1073741824,951074816,,,,1.942,0.388,0,""
2026-10-05T07:30:28.9200014+00:00,"",29.897,181.918,15524212736,7276101632,8248111104,650960896,2603421696,8835817472,2683346944,,0,0,49,,1073741824,951074816,,,,1.977,0.395,0,""
2026-10-05T07:30:29.4184197+00:00,"",29.199,180.496,15524212736,7276863488,8247349248,650960896,2603421696,8835817472,2683330560,,0,8214.838,49,,1073741824,951074816,,,,1.314,0.263,0,""
2026-10-05T07:30:29.9179515+00:00,"",32.832,176.354,15524212736,7276863488,8247349248,650960896,2603421696,8835817472,2683330560,,0,0,38,,1073741824,951074816,,,,2.065,0.413,0,""
2026-10-05T07:30:30.4171423+00:00,"",29.474,182.322,15524212736,7277109248,8247103488,650960896,2603421696,8835817472,2683314176,,0,0,100,,1073741824,951074816,,,,2.089,0.418,0,""
2026-10-05T07:30:30.9156067+00:00,"",28.721,172.325,15524212736,7279542272,8244670464,652115968,2603421696,8835817472,2683314176,,7394787.879,0,100,,1073741824,951074816,,,,1.537,0.307,0,""
2026-10-05T07:30:31.4159723+00:00,"",29.504,176.162,15524212736,7279706112,8244506624,653541376,2603421696,8835817472,2683293696,,12340625.445,8199.751,100,,1073741824,951074816,,,,2.212,0.442,0,""
2026-10-05T07:30:31.9148960+00:00,"",30.052,180.145,15524212736,7282495488,8241717248,653565952,2603421696,8835817472,2683293696,,9444813.048,0,96,,1073741824,951074816,,,,1.655,0.331,0,""
2026-10-05T07:30:32.4142012+00:00,"",28.535,168.18,15524212736,7286755328,8237457408,654577664,2603421696,8835817472,2683277312,,3723110.305,0,96,,1073741824,951074816,,,,1.498,0.3,0,""
2026-10-05T07:30:32.9137973+00:00,"",28.351,170.188,15524212736,7287009280,8237203456,654626816,2603421696,8835817472,2683277312,,0,0,100,,1073741824,951074816,,,,1.561,0.312,0,""
2026-10-05T07:30:33.4138573+00:00,"",39.119,168.022,15524212736,7280734208,8243478528,655134720,2603421696,8835817472,2683260928,,548936.329,0,100,,1073741824,951074816,,,,1.845,0.369,0,""
2026-10-05T07:30:33.9139411+00:00,"",28.682,169.936,15524212736,7302868992,8221343744,663511040,2603421696,8835817472,2683260928,,16933999.332,16377.175,100,,1073741824,951074816,,,,1.481,0.296,0,""
2026-10-05T07:30:34.4130244+00:00,"",29.948,180.266,15524212736,7295209472,8229003264,666894336,2603421696,8835817472,2683244544,,2485975.839,0,100,,1073741824,951074816,,,,1.246,0.249,0,""
2026-10-05T07:30:34.9129586+00:00,"",37.949,216.305,15524212736,7340429312,8183783424,671604736,2605182976,8835817472,2683244544,,410156.875,155859.612,0,,1073741824,951074816,,,,2.246,0.449,0,""
2026-10-05T07:30:35.4119312+00:00,"",47.532,256.283,15524212736,7337975808,8186236928,675536896,2609033216,8835817472,2683224064,,0,270636.85,0,,1073741824,951074816,,,,1.869,0.374,0,""
2026-10-05T07:30:35.9129329+00:00,"",56.667,315.738,15524212736,7337041920,8187170816,677769216,2611138560,8835817472,2683224064,,106405.489,229181.054,0,,1073741824,952127488,,,,2.685,0.537,0,""
2026-10-05T07:30:36.4121635+00:00,"",61.039,348.115,15524212736,7330013184,8194199552,680456192,2613583872,8835817472,2683207680,,0,122925.815,100,,1073741824,952127488,,,,1.607,0.321,0,""
2026-10-05T07:30:36.9121285+00:00,"",58.794,304.049,15524212736,7346094080,8178118656,681017344,2613809152,8835817472,2683203584,,467017.792,81932.946,100,,1073741824,952127488,,,,1.829,0.366,0,""
2026-10-05T07:30:37.4119542+00:00,"",58.673,316.184,15524212736,7335677952,8188534784,681287680,2613923840,8835817472,2683187200,,8196.413,81964.132,0,,1073741824,952127488,,,,2.242,0.448,0,""
2026-10-05T07:30:37.9108545+00:00,"",57.662,306.497,15524212736,7337910272,8186302464,681394176,2613923840,8835817472,2683187200,,131289.67,41028.022,0,,1073741824,952127488,,,,1.724,0.345,0,""
2026-10-05T07:30:38.4111535+00:00,"",58.594,315.912,15524212736,7342407680,8181805056,681504768,2613923840,8835817472,2683170816,,0,49138.244,100,,1073741824,952127488,,,,1.79,0.358,0,""
2026-10-05T07:30:38.9103555+00:00,"",57.068,306.39,15524212736,7350513664,8173699072,681938944,2614263808,8835817472,2683170816,,262479.407,65619.852,100,,1073741824,952127488,,,,1.5,0.3,0,""
2026-10-05T07:30:39.4097048+00:00,"",57.031,308.438,15524212736,7341043712,8183169024,682061824,2614272000,8835817472,2683150336,,262514.651,41017.914,100,,1073741824,952127488,,,,1.75,0.35,0,""
2026-10-05T07:30:39.9109477+00:00,"stationary-start",62.827,329.98,15524212736,7322488832,8201723904,686391296,2617004032,8835817472,2683150336,,0,40874.264,0,,1073741824,952127488,,,,3.194,0.639,0,""
2026-10-05T07:30:40.4087094+00:00,"stationary-start",78.906,382.756,15524212736,7378542592,8145670144,691113984,2620510208,8835817472,2683133952,,411238.14,189169.544,0,,1073741824,952127488,,,,1.87,0.374,0,""
2026-10-05T07:30:40.9089686+00:00,"stationary-start",78.75,388.025,15524212736,7371284480,8152928256,693227520,2622615552,8835817472,2683117568,,204813.447,245776.137,0,,1073741824,952127488,,,,2.242,0.448,0,""
2026-10-05T07:30:41.4082778+00:00,"stationary-start",74.43,386.376,15524212736,7361880064,8162332672,696279040,2625511424,8835817472,2683097088,,508401.084,270600.577,0,,1073741824,952127488,,,,2.041,0.408,0,""
2026-10-05T07:30:41.9073137+00:00,"stationary-start",80.412,400.813,15524212736,7373873152,8150339584,697487360,2626670592,8835817472,2683097088,,262677.736,254469.057,0,,1073741824,952127488,,,,1.994,0.399,0,""
2026-10-05T07:30:42.4053478+00:00,"stationary-start",76.24,413.504,15524212736,7388876800,8135335936,699887616,2629009408,8835817472,2683080704,,0,197326.773,0,,1073741824,952127488,,,,1.619,0.324,0,""
2026-10-05T07:30:42.9050825+00:00,"stationary-start",71.948,414.686,15524212736,7393730560,8130482176,702103552,2631069696,8835817472,2683080704,,262575.54,49232.914,66,,1073741824,952127488,,,,2.387,0.477,0,""
2026-10-05T07:30:43.4037901+00:00,"stationary-start",72.917,418.608,15524212736,7394463744,8129748992,705990656,2634829824,8835817472,2683060224,,0,49224.542,66,,1073741824,952127488,,,,1.724,0.345,0,""
2026-10-05T07:30:43.9041957+00:00,"stationary-start",71.979,425.819,15524212736,7392882688,8131330048,710189056,2638839808,8835817472,2683060224,,270201.946,131007.004,0,,1073741824,952127488,,,,2.043,0.409,0,""
2026-10-05T07:30:44.4025350+00:00,"stationary-start",71.204,411.294,15524212736,7415521280,8108691456,710434816,2638950400,8835817472,2683043840,,0,8218.389,0,,1073741824,952127488,,,,1.712,0.342,0,""
2026-10-05T07:30:44.9029813+00:00,"stationary-start",72.335,407.883,15524212736,7396814848,8127397888,710746112,2639134720,8835817472,2683043840,,0,16379.027,2,,1073741824,952127488,,,,2.296,0.459,0,""
2026-10-05T07:30:45.4030636+00:00,"stationary-start",73.924,411.762,15524212736,7402569728,8121643008,710873088,2639134720,8835817472,2683027456,,261994.786,24562.011,100,,1073741824,952127488,,,,2.821,0.564,0,""
2026-10-05T07:30:45.9018391+00:00,"stationary-start",71.835,410.84,15524212736,7396507648,8127705088,714825728,2643070976,8835817472,2683023360,,180595.885,82089.039,100,,1073741824,952127488,,,,1.765,0.353,0,""
2026-10-05T07:30:46.4018965+00:00,"stationary-start",70.681,406.25,15524212736,7409336320,8114876416,716349440,2644393984,8835817472,2683006976,,0,32784.409,98,,1073741824,952127488,,,,2.137,0.427,0,""
2026-10-05T07:30:46.9003927+00:00,"stationary-start",72.093,410.989,15524212736,7408017408,8116195328,718213120,2646188032,8835817472,2683006976,,0,73915.596,98,,1073741824,952127488,,,,1.559,0.312,0,""
2026-10-05T07:30:47.4009590+00:00,"stationary-start",72.89,425.744,15524212736,7421968384,8102244352,721215488,2649006080,8835817472,2682986496,,0,163734.196,100,,1073741824,952127488,,,,2.306,0.461,0,""
2026-10-05T07:30:47.9001453+00:00,"stationary-start",74.474,424.501,15524212736,7408873472,8115339264,722522112,2650202112,8835817472,2682986496,,262459.699,57413.059,100,,1073741824,952127488,,,,1.725,0.345,0,""
2026-10-05T07:30:48.4003346+00:00,"stationary-start",74.406,415.875,15524212736,7425130496,8099082240,722677760,2650263552,8835817472,2682970112,,262063.256,40947.384,52,,1073741824,952127488,,,,2.028,0.406,0,""
2026-10-05T07:30:48.8990674+00:00,"stationary-start",75.718,426.965,15524212736,7407083520,8117129216,722726912,2650263552,8835817472,2682970112,,1190527.845,41052.684,52,,1073741824,952127488,,,,2.049,0.41,0,""
2026-10-05T07:30:49.3981282+00:00,"stationary-start",75.835,417.277,15524212736,7412875264,8111337472,722841600,2650263552,8835817472,2682953728,,345108.374,24650.598,100,,1073741824,952127488,,,,2.426,0.485,0,""
2026-10-05T07:30:49.8963230+00:00,"stationary-start",72.251,408.988,15524212736,7395438592,8128774144,729694208,2654937088,8835817472,2682953728,,147820.419,98546.946,100,,1073741824,952127488,,,,1.683,0.337,0,""
2026-10-05T07:30:50.3970702+00:00,"stationary-start",72.703,419.935,15524212736,7413927936,8110284800,730091520,2655326208,8835817472,2682937344,,327623.139,90096.363,0,,1073741824,952127488,,,,2.463,0.493,0,""
2026-10-05T07:30:50.8954077+00:00,"stationary-start",74.151,408.894,15524212736,7417528320,8106684416,730091520,2655326208,8835817472,2682937344,,0,16419.845,0,,1073741824,952135680,,,,1.807,0.361,0,""
2026-10-05T07:30:51.3944020+00:00,"stationary-start",74.413,416.851,15524212736,7425540096,8098672640,730120192,2655330304,8835817472,2682916864,,459709.535,57463.692,100,,1073741824,952135680,,,,1.652,0.33,0,""
2026-10-05T07:30:51.8954513+00:00,"stationary-start",74.737,425.211,15524212736,7434629120,8089583616,730324992,2655555584,8835817472,2682916864,,0,49058.543,68,,1073741824,952135680,,,,2.679,0.536,0,""
2026-10-05T07:30:52.3959140+00:00,"stationary-start",72.944,409.881,15524212736,7425073152,8099139584,730353664,2655555584,8835817472,2682900480,,0,16377.621,100,,1073741824,952135680,,,,2.333,0.467,0,""
2026-10-05T07:30:52.8960026+00:00,"stationary-start",74.603,419.95,15524212736,7443894272,8080318464,730357760,2655555584,8835817472,2682896384,,262144.929,49152.174,100,,1073741824,952135680,,,,2.384,0.477,0,""
2026-10-05T07:30:53.3950476+00:00,"stationary-start",73.183,404.538,15524212736,7442071552,8082141184,730361856,2655555584,8835817472,2682880000,,0,24608.513,100,,1073741824,952135680,,,,2.1,0.42,0,""
2026-10-05T07:30:53.8942348+00:00,"stationary-start",73.491,410.437,15524212736,7453466624,8070746112,730370048,2655555584,8835817472,2682880000,,0,16401.273,100,,1073741824,952135680,,,,1.879,0.376,0,""
2026-10-05T07:30:54.3944439+00:00,"stationary-start",73.247,412.003,15524212736,7459176448,8065036288,730468352,2655649792,8835817472,2682863616,,0,40961.026,0,,1073741824,952135680,,,,2.18,0.436,0,""
2026-10-05T07:30:54.8944408+00:00,"stationary-start",71.875,404.563,15524212736,7479341056,8044871680,730599424,2655801344,8835817472,2682863616,,0,24608.505,95,,1073741824,952135680,,,,2.859,0.572,0,""
2026-10-05T07:30:55.3931147+00:00,"stationary-start",71.802,400.338,15524212736,7484235776,8039976960,730603520,2655801344,8835817472,2682843136,,262378.577,16398.661,95,,1073741824,952135680,,,,2.108,0.422,0,""
2026-10-05T07:30:55.8932331+00:00,"stationary-start",73.615,414.969,15524212736,7456686080,8067526656,730615808,2655801344,8835817472,2682843136,,0,40988.613,0,,1073741824,952135680,,,,3.462,0.692,0,""
2026-10-05T07:30:56.3908173+00:00,"stationary-start",73.028,408.913,15524212736,7460724736,8063488000,731500544,2656653312,8835817472,2682826752,,8224.036,90464.401,0,,1073741824,952135680,,,,2.05,0.41,0,""
2026-10-05T07:30:56.8901248+00:00,"stationary-start",75.26,432.898,15524212736,7466807296,8057405440,732536832,2657652736,8835817472,2682826752,,0,98506.892,0,,1073741824,952135680,,,,2.212,0.442,0,""
2026-10-05T07:30:57.3901954+00:00,"stationary-start",75.628,420.133,15524212736,7472717824,8051494912,732852224,2657959936,8835817472,2682810368,,0,65553.879,38,,1073741824,952135680,,,,2.757,0.551,0,""
2026-10-05T07:30:57.8888748+00:00,"stationary-start",75.196,428.647,15524212736,7463903232,8060309504,732852224,2657959936,8835817472,2682810368,,262551.28,65637.82,38,,1073741824,952135680,,,,1.833,0.367,0,""
2026-10-05T07:30:58.3891554+00:00,"stationary-start",79.534,379.926,15524212736,7460179968,8064032768,732971008,2658078720,8835817472,2682789888,,0,49143.659,100,,1073741824,952135680,,,,1.868,0.374,0,""
2026-10-05T07:30:58.8895796+00:00,"stationary-start",74.807,421.692,15524212736,7437664256,8086548480,732971008,2658078720,8835817472,2682789888,,0,40928.489,100,,1073741824,952135680,,,,2.016,0.403,0,""
2026-10-05T07:30:59.3901270+00:00,"stationary-start",75.194,425.933,15524212736,7460519936,8063692800,732971008,2658078720,8835817472,2682773504,,0,40953.476,63,,1073741824,952135680,,,,2.611,0.522,0,""
2026-10-05T07:30:59.8891390+00:00,"stationary-start",74.359,418.422,15524212736,7457472512,8066740224,735068160,2658078720,8835817472,2682773504,,0,32801.126,100,,1073741824,952135680,,,,2.12,0.424,0,""
2026-10-05T07:31:00.3891506+00:00,"stationary-start",75.128,422.258,15524212736,7446458368,8077754368,735100928,2658111488,8835817472,2682757120,,0,40985.155,100,,1073741824,952135680,,,,2.566,0.513,0,""
2026-10-05T07:31:00.8881477+00:00,"stationary-start",74.936,422.389,15524212736,7447891968,8076320768,735100928,2658111488,8835817472,2682757120,,262388.204,8199.631,100,,1073741824,952135680,,,,2.032,0.406,0,""
2026-10-05T07:31:01.3873158+00:00,"stationary-start",76.427,424.89,15524212736,7441698816,8082513920,735289344,2658324480,8835817472,2682740736,,0,24627.524,100,,1073741824,952135680,,,,2.052,0.41,0,""
2026-10-05T07:31:01.8864167+00:00,"stationary-start",75.907,430.594,15524212736,7440150528,8084062208,735420416,2658455552,8835817472,2682732544,,0,16406.509,100,,1073741824,952135680,,,,2.592,0.518,0,""
2026-10-05T07:31:02.3862130+00:00,"stationary-start",73.834,414.566,15524212736,7452909568,8071303168,735502336,2658537472,8835817472,2682712064,,0,32812.988,100,,1073741824,952135680,,,,2.835,0.567,0,""
2026-10-05T07:31:02.8849330+00:00,"stationary-start",75.452,422.727,15524212736,7449128960,8075083776,735502336,2658537472,8835817472,2682712064,,0,57444.119,100,,1073741824,952135680,,,,1.935,0.387,0,""
2026-10-05T07:31:03.3855553+00:00,"stationary-start",75.065,425.745,15524212736,7437279232,8086933504,735502336,2658537472,8835817472,2682695680,,261971.01,32746.376,100,,1073741824,952135680,,,,2.463,0.493,0,""
2026-10-05T07:31:03.8855422+00:00,"stationary-start",74.936,419.906,15524212736,7439015936,8085196800,735510528,2658537472,8835817472,2682695680,,0,40952.533,69,,1073741824,952135680,,,,2.237,0.447,0,""
2026-10-05T07:31:04.3850804+00:00,"stationary-start",74.286,416.477,15524212736,7444611072,8079601664,735510528,2658537472,8835817472,2682679296,,0,24604.643,100,,1073741824,952135680,,,,2.237,0.447,0,""
2026-10-05T07:31:04.8844334+00:00,"stationary-start",75.128,422.245,15524212736,7439761408,8084451328,735838208,2658865152,8835817472,2682679296,,0,24589.078,100,,1073741824,952135680,,,,1.931,0.386,0,""
2026-10-05T07:31:05.3844934+00:00,"stationary-start",75.871,416.124,15524212736,7427633152,8096579584,735842304,2658865152,8835817472,2682662912,,0,32778.731,100,,1073741824,952135680,,,,2.139,0.428,0,""
2026-10-05T07:31:05.8841469+00:00,"stationary-start",73.913,414.232,15524212736,7437602816,8086609920,735858688,2658865152,8835817472,2682654720,,262291.941,16393.246,100,,1073741824,952135680,,,,2.161,0.432,0,""
2026-10-05T07:31:06.3853155+00:00,"stationary-start",75,419.546,15524212736,7429636096,8094576640,735858688,2658865152,8835817472,2682634240,,0,73645.904,100,,1073741824,952135680,,,,4.26,0.852,0,""
2026-10-05T07:31:06.8821837+00:00,"stationary-start",74.346,421.985,15524212736,7448420352,8075792384,736186368,2659192832,8835817472,2682634240,,0,24692.614,100,,1073741824,952135680,,,,2.005,0.401,0,""
2026-10-05T07:31:07.3824605+00:00,"stationary-start",61.735,334.97,15524212736,7444205568,8080007168,736251904,2659258368,8835817472,2682617856,,0,8216.21,93,,1073741824,952135680,,,,3.146,0.629,0,""
2026-10-05T07:31:07.8803585+00:00,"stationary-start",44.757,304.258,15524212736,7440252928,8083959808,736268288,2659258368,8835817472,2682617856,,0,0,93,,1073741824,952135680,,,,1.526,0.305,0,""
2026-10-05T07:31:08.3802115+00:00,"stationary-start",47.074,312.442,15524212736,7440502784,8083709952,736333824,2659319808,8835817472,2682601472,,262511.151,0,46,,1073741824,952135680,,,,2.181,0.436,0,""
2026-10-05T07:31:08.8792665+00:00,"stationary-start",65.92,370.235,15524212736,7420923904,8103288832,737828864,2660888576,8835817472,2682601472,,0,32789.052,46,,1073741824,952135680,,,,1.635,0.327,0,""
2026-10-05T07:31:09.3793766+00:00,"stationary-start",60.194,316.046,15524212736,7423197184,8101015552,737828864,2660888576,8835817472,2682580992,,0,8193.174,0,,1073741824,952135680,,,,1.804,0.361,0,""
2026-10-05T07:31:09.8792959+00:00,"stationary-start",48.214,322.07,15524212736,7424049152,8100163584,738136064,2661117952,8835817472,2682580992,,0,8193.445,0,,1073741824,952135680,,,,1.953,0.391,0,""
2026-10-05T07:31:10.3792778+00:00,"stationary-start",67.857,372.356,15524212736,7451811840,8072400896,738136064,2661117952,8835817472,2682564608,,0,32800.986,100,,1073741824,952135680,,,,2.191,0.438,0,""
2026-10-05T07:31:10.8784343+00:00,"stationary-start",54.5,320.123,15524212736,7435796480,8088416256,738295808,2661273600,8835817472,2682564608,,262232.982,16389.561,100,,1073741824,952135680,,,,2.072,0.414,0,""
2026-10-05T07:31:11.3774959+00:00,"stationary-start",75.452,334.735,15524212736,7472717824,8051494912,738295808,2661273600,8835817472,2682548224,,0,16420.142,0,,1073741824,952135680,,,,2.278,0.456,0,""
2026-10-05T07:31:11.8761893+00:00,"",65.306,298.699,15524212736,7442550784,8081661952,738308096,2661273600,8835817472,2682535936,,0,0,0,,1073741824,952135680,,,,1.359,0.272,0,""
2026-10-05T07:31:12.3771760+00:00,"",50.882,303.772,15524212736,7444099072,8080113664,738316288,2661273600,8835817472,2682519552,,0,0,100,,1073741824,952135680,,,,2.609,0.522,0,""
2026-10-05T07:31:12.8757397+00:00,"",58.04,302.521,15524212736,7444443136,8079769600,738324480,2661273600,8835817472,2682519552,,0,0,100,,1073741824,952135680,,,,1.892,0.378,0,""
2026-10-05T07:31:13.3755798+00:00,"",46.173,298.122,15524212736,7445028864,8079183872,738328576,2661273600,8835817472,2682499072,,0,0,0,,1073741824,952135680,,,,1.49,0.298,0,""
2026-10-05T07:31:13.8763413+00:00,"",46.429,311.882,15524212736,7454572544,8069640192,738344960,2661273600,8835817472,2682494976,,262042.953,0,0,,1073741824,952135680,,,,2.06,0.412,0,""
2026-10-05T07:31:14.3745407+00:00,"",46.173,308.688,15524212736,7461257216,8062955520,738344960,2661273600,8835817472,2682478592,,0,0,0,,1073741824,952135680,,,,1.606,0.321,0,""
2026-10-05T07:31:14.8743230+00:00,"",45.663,308.197,15524212736,7455358976,8068853760,738349056,2661273600,8835817472,2682478592,,0,0,100,,1073741824,952135680,,,,1.491,0.298,0,""
2026-10-05T07:31:15.3735126+00:00,"",45.96,306.472,15524212736,7451295744,8072916992,738357248,2661273600,8835817472,2682458112,,0,0,100,,1073741824,952135680,,,,1.594,0.319,0,""
2026-10-05T07:31:15.8734134+00:00,"",47.208,320.167,15524212736,7451426816,8072785920,738476032,2661392384,8835817472,2682454016,,0,8196.008,100,,1073741824,952135680,,,,1.723,0.345,0,""
2026-10-05T07:31:16.3732965+00:00,"",46.41,312.259,15524212736,7454052352,8070160384,738541568,2661392384,8835817472,2682437632,,0,0,100,,1073741824,952135680,,,,2.014,0.403,0,""
2026-10-05T07:31:16.8724675+00:00,"",44.961,308.179,15524212736,7458541568,8065671168,738541568,2661392384,8835817472,2682437632,,262300.564,0,100,,1073741824,952135680,,,,2.24,0.448,0,""
2026-10-05T07:31:17.3713700+00:00,"",47.25,308.787,15524212736,7458983936,8065228800,740700160,2661453824,8835817472,2682417152,,0,0,0,,1073741824,952135680,,,,1.681,0.336,0,""
2026-10-05T07:31:17.8699945+00:00,"",44.133,262.818,15524212736,6751932416,8772280320,0,0,8835817472,2682290176,,,,0,,1073741824,951783424,,,,0.721,0.144,0,"process_io: Access to the path '/proc/659469/io' is denied."
