group,renderer,role,mode,label,source,exe_sha256,status,runner_exit_code,suite_status,selected_for_comparison,reason
busy_pfifo,vulkan,baseline,group,group,fdfb5a8f481b2f870c57080e74ec8d3a31a47053,2be4252b8e08cf0459c5de760fac35b9078761e5d75339ce64b7a071026fbbe1,PASS,0,PASSED,True,
busy_pfifo,vulkan,candidate,group,group,2af783f2a49774fd7477f6f1124916418390f259,c82380034a6e5a134cf1f0c20f76cbb8db3bef813cd55a29324ea07112de18c9,PASS,0,PASSED,True,
cpu_floating_point,vulkan,candidate,group,group,2af783f2a49774fd7477f6f1124916418390f259,c82380034a6e5a134cf1f0c20f76cbb8db3bef813cd55a29324ea07112de18c9,PASS,0,PASSED,True,
cpu_floating_point,vulkan,baseline,group,group,fdfb5a8f481b2f870c57080e74ec8d3a31a47053,2be4252b8e08cf0459c5de760fac35b9078761e5d75339ce64b7a071026fbbe1,PASS,0,PASSED,True,
cpu_translation_blocks,vulkan,baseline,group,group,fdfb5a8f481b2f870c57080e74ec8d3a31a47053,2be4252b8e08cf0459c5de760fac35b9078761e5d75339ce64b7a071026fbbe1,PASS,0,PASSED,True,
cpu_translation_blocks,vulkan,candidate,group,group,2af783f2a49774fd7477f6f1124916418390f259,c82380034a6e5a134cf1f0c20f76cbb8db3bef813cd55a29324ea07112de18c9,PASS,0,PASSED,True,
fill_rate,vulkan,candidate,group,group,2af783f2a49774fd7477f6f1124916418390f259,c82380034a6e5a134cf1f0c20f76cbb8db3bef813cd55a29324ea07112de18c9,PASS,0,PASSED,True,
fill_rate,vulkan,baseline,group,group,fdfb5a8f481b2f870c57080e74ec8d3a31a47053,2be4252b8e08cf0459c5de760fac35b9078761e5d75339ce64b7a071026fbbe1,PASS,0,PASSED,True,
game_load,vulkan,baseline,group,group,fdfb5a8f481b2f870c57080e74ec8d3a31a47053,2be4252b8e08cf0459c5de760fac35b9078761e5d75339ce64b7a071026fbbe1,N/A,1,FAILED,False,N/A: catalog/result mismatch
game_load,vulkan,candidate,group,group,2af783f2a49774fd7477f6f1124916418390f259,c82380034a6e5a134cf1f0c20f76cbb8db3bef813cd55a29324ea07112de18c9,PASS,0,PASSED,False,
game_load,vulkan,baseline,isolated-target,target-0,fdfb5a8f481b2f870c57080e74ec8d3a31a47053,2be4252b8e08cf0459c5de760fac35b9078761e5d75339ce64b7a071026fbbe1,PASS,0,PASSED,True,
game_load,vulkan,candidate,isolated-target,target-0,2af783f2a49774fd7477f6f1124916418390f259,c82380034a6e5a134cf1f0c20f76cbb8db3bef813cd55a29324ea07112de18c9,PASS,0,PASSED,True,
game_load,vulkan,baseline,isolated-target,target-1,fdfb5a8f481b2f870c57080e74ec8d3a31a47053,2be4252b8e08cf0459c5de760fac35b9078761e5d75339ce64b7a071026fbbe1,PASS,0,PASSED,True,
game_load,vulkan,candidate,isolated-target,target-1,2af783f2a49774fd7477f6f1124916418390f259,c82380034a6e5a134cf1f0c20f76cbb8db3bef813cd55a29324ea07112de18c9,PASS,0,PASSED,True,
game_load,vulkan,baseline,isolated-target,target-2,fdfb5a8f481b2f870c57080e74ec8d3a31a47053,2be4252b8e08cf0459c5de760fac35b9078761e5d75339ce64b7a071026fbbe1,N/A,1,FAILED,True,N/A: catalog/result mismatch
game_load,vulkan,candidate,isolated-target,target-2,2af783f2a49774fd7477f6f1124916418390f259,c82380034a6e5a134cf1f0c20f76cbb8db3bef813cd55a29324ea07112de18c9,PASS,0,PASSED,True,
game_load,vulkan,baseline,isolated-target,target-3,fdfb5a8f481b2f870c57080e74ec8d3a31a47053,2be4252b8e08cf0459c5de760fac35b9078761e5d75339ce64b7a071026fbbe1,PASS,0,PASSED,True,
game_load,vulkan,candidate,isolated-target,target-3,2af783f2a49774fd7477f6f1124916418390f259,c82380034a6e5a134cf1f0c20f76cbb8db3bef813cd55a29324ea07112de18c9,PASS,0,PASSED,True,
game_load,vulkan,baseline,isolated-target,target-4,fdfb5a8f481b2f870c57080e74ec8d3a31a47053,2be4252b8e08cf0459c5de760fac35b9078761e5d75339ce64b7a071026fbbe1,PASS,0,PASSED,True,
game_load,vulkan,candidate,isolated-target,target-4,2af783f2a49774fd7477f6f1124916418390f259,c82380034a6e5a134cf1f0c20f76cbb8db3bef813cd55a29324ea07112de18c9,PASS,0,PASSED,True,
game_load,vulkan,baseline,isolated-target,target-5,fdfb5a8f481b2f870c57080e74ec8d3a31a47053,2be4252b8e08cf0459c5de760fac35b9078761e5d75339ce64b7a071026fbbe1,PASS,0,PASSED,True,
game_load,vulkan,candidate,isolated-target,target-5,2af783f2a49774fd7477f6f1124916418390f259,c82380034a6e5a134cf1f0c20f76cbb8db3bef813cd55a29324ea07112de18c9,PASS,0,PASSED,True,
game_load,vulkan,baseline,isolated-target,target-6,fdfb5a8f481b2f870c57080e74ec8d3a31a47053,2be4252b8e08cf0459c5de760fac35b9078761e5d75339ce64b7a071026fbbe1,PASS,0,PASSED,True,
game_load,vulkan,candidate,isolated-target,target-6,2af783f2a49774fd7477f6f1124916418390f259,c82380034a6e5a134cf1f0c20f76cbb8db3bef813cd55a29324ea07112de18c9,PASS,0,PASSED,True,
game_load,vulkan,baseline,isolated-target,target-7,fdfb5a8f481b2f870c57080e74ec8d3a31a47053,2be4252b8e08cf0459c5de760fac35b9078761e5d75339ce64b7a071026fbbe1,PASS,0,PASSED,True,
game_load,vulkan,candidate,isolated-target,target-7,2af783f2a49774fd7477f6f1124916418390f259,c82380034a6e5a134cf1f0c20f76cbb8db3bef813cd55a29324ea07112de18c9,PASS,0,PASSED,True,
game_load,vulkan,baseline,isolated-target,target-8,fdfb5a8f481b2f870c57080e74ec8d3a31a47053,2be4252b8e08cf0459c5de760fac35b9078761e5d75339ce64b7a071026fbbe1,PASS,0,PASSED,True,
game_load,vulkan,candidate,isolated-target,target-8,2af783f2a49774fd7477f6f1124916418390f259,c82380034a6e5a134cf1f0c20f76cbb8db3bef813cd55a29324ea07112de18c9,PASS,0,PASSED,True,
game_load,vulkan,baseline,isolated-target,target-9,fdfb5a8f481b2f870c57080e74ec8d3a31a47053,2be4252b8e08cf0459c5de760fac35b9078761e5d75339ce64b7a071026fbbe1,PASS,0,PASSED,True,
game_load,vulkan,candidate,isolated-target,target-9,2af783f2a49774fd7477f6f1124916418390f259,c82380034a6e5a134cf1f0c20f76cbb8db3bef813cd55a29324ea07112de18c9,PASS,0,PASSED,True,
game_load,vulkan,baseline,isolated-target,target-10,fdfb5a8f481b2f870c57080e74ec8d3a31a47053,2be4252b8e08cf0459c5de760fac35b9078761e5d75339ce64b7a071026fbbe1,PASS,0,PASSED,True,
game_load,vulkan,candidate,isolated-target,target-10,2af783f2a49774fd7477f6f1124916418390f259,c82380034a6e5a134cf1f0c20f76cbb8db3bef813cd55a29324ea07112de18c9,PASS,0,PASSED,True,
game_load,vulkan,baseline,isolated-target,target-11,fdfb5a8f481b2f870c57080e74ec8d3a31a47053,2be4252b8e08cf0459c5de760fac35b9078761e5d75339ce64b7a071026fbbe1,PASS,0,PASSED,True,
game_load,vulkan,candidate,isolated-target,target-11,2af783f2a49774fd7477f6f1124916418390f259,c82380034a6e5a134cf1f0c20f76cbb8db3bef813cd55a29324ea07112de18c9,PASS,0,PASSED,True,
game_load,vulkan,baseline,isolated-target,target-12,fdfb5a8f481b2f870c57080e74ec8d3a31a47053,2be4252b8e08cf0459c5de760fac35b9078761e5d75339ce64b7a071026fbbe1,PASS,0,PASSED,True,
game_load,vulkan,candidate,isolated-target,target-12,2af783f2a49774fd7477f6f1124916418390f259,c82380034a6e5a134cf1f0c20f76cbb8db3bef813cd55a29324ea07112de18c9,PASS,0,PASSED,True,
game_load,vulkan,baseline,isolated-target,target-13,fdfb5a8f481b2f870c57080e74ec8d3a31a47053,2be4252b8e08cf0459c5de760fac35b9078761e5d75339ce64b7a071026fbbe1,PASS,0,PASSED,True,
game_load,vulkan,candidate,isolated-target,target-13,2af783f2a49774fd7477f6f1124916418390f259,c82380034a6e5a134cf1f0c20f76cbb8db3bef813cd55a29324ea07112de18c9,PASS,0,PASSED,True,
game_load,vulkan,baseline,isolated-target,target-14,fdfb5a8f481b2f870c57080e74ec8d3a31a47053,2be4252b8e08cf0459c5de760fac35b9078761e5d75339ce64b7a071026fbbe1,PASS,0,PASSED,True,
game_load,vulkan,candidate,isolated-target,target-14,2af783f2a49774fd7477f6f1124916418390f259,c82380034a6e5a134cf1f0c20f76cbb8db3bef813cd55a29324ea07112de18c9,PASS,0,PASSED,True,
game_load,vulkan,baseline,isolated-target,target-15,fdfb5a8f481b2f870c57080e74ec8d3a31a47053,2be4252b8e08cf0459c5de760fac35b9078761e5d75339ce64b7a071026fbbe1,PASS,0,PASSED,True,
game_load,vulkan,candidate,isolated-target,target-15,2af783f2a49774fd7477f6f1124916418390f259,c82380034a6e5a134cf1f0c20f76cbb8db3bef813cd55a29324ea07112de18c9,PASS,0,PASSED,True,
game_load,vulkan,baseline,isolated-target,target-16,fdfb5a8f481b2f870c57080e74ec8d3a31a47053,2be4252b8e08cf0459c5de760fac35b9078761e5d75339ce64b7a071026fbbe1,PASS,0,PASSED,True,
game_load,vulkan,candidate,isolated-target,target-16,2af783f2a49774fd7477f6f1124916418390f259,c82380034a6e5a134cf1f0c20f76cbb8db3bef813cd55a29324ea07112de18c9,PASS,0,PASSED,True,
game_load,vulkan,baseline,isolated-target,target-17,fdfb5a8f481b2f870c57080e74ec8d3a31a47053,2be4252b8e08cf0459c5de760fac35b9078761e5d75339ce64b7a071026fbbe1,PASS,0,PASSED,True,
game_load,vulkan,candidate,isolated-target,target-17,2af783f2a49774fd7477f6f1124916418390f259,c82380034a6e5a134cf1f0c20f76cbb8db3bef813cd55a29324ea07112de18c9,PASS,0,PASSED,True,
game_load,vulkan,baseline,isolated-target,target-18,fdfb5a8f481b2f870c57080e74ec8d3a31a47053,2be4252b8e08cf0459c5de760fac35b9078761e5d75339ce64b7a071026fbbe1,PASS,0,PASSED,True,
game_load,vulkan,candidate,isolated-target,target-18,2af783f2a49774fd7477f6f1124916418390f259,c82380034a6e5a134cf1f0c20f76cbb8db3bef813cd55a29324ea07112de18c9,PASS,0,PASSED,True,
game_load,vulkan,baseline,isolated-target,target-19,fdfb5a8f481b2f870c57080e74ec8d3a31a47053,2be4252b8e08cf0459c5de760fac35b9078761e5d75339ce64b7a071026fbbe1,PASS,0,PASSED,True,
game_load,vulkan,candidate,isolated-target,target-19,2af783f2a49774fd7477f6f1124916418390f259,c82380034a6e5a134cf1f0c20f76cbb8db3bef813cd55a29324ea07112de18c9,PASS,0,PASSED,True,
game_load,vulkan,baseline,isolated-target,target-20,fdfb5a8f481b2f870c57080e74ec8d3a31a47053,2be4252b8e08cf0459c5de760fac35b9078761e5d75339ce64b7a071026fbbe1,PASS,0,PASSED,True,
game_load,vulkan,candidate,isolated-target,target-20,2af783f2a49774fd7477f6f1124916418390f259,c82380034a6e5a134cf1f0c20f76cbb8db3bef813cd55a29324ea07112de18c9,PASS,0,PASSED,True,
game_load,vulkan,baseline,isolated-target,target-21,fdfb5a8f481b2f870c57080e74ec8d3a31a47053,2be4252b8e08cf0459c5de760fac35b9078761e5d75339ce64b7a071026fbbe1,PASS,0,PASSED,True,
game_load,vulkan,candidate,isolated-target,target-21,2af783f2a49774fd7477f6f1124916418390f259,c82380034a6e5a134cf1f0c20f76cbb8db3bef813cd55a29324ea07112de18c9,PASS,0,PASSED,True,
game_load,vulkan,baseline,isolated-target,target-22,fdfb5a8f481b2f870c57080e74ec8d3a31a47053,2be4252b8e08cf0459c5de760fac35b9078761e5d75339ce64b7a071026fbbe1,PASS,0,PASSED,True,
game_load,vulkan,candidate,isolated-target,target-22,2af783f2a49774fd7477f6f1124916418390f259,c82380034a6e5a134cf1f0c20f76cbb8db3bef813cd55a29324ea07112de18c9,PASS,0,PASSED,True,
game_load,vulkan,baseline,isolated-target,target-23,fdfb5a8f481b2f870c57080e74ec8d3a31a47053,2be4252b8e08cf0459c5de760fac35b9078761e5d75339ce64b7a071026fbbe1,PASS,0,PASSED,True,
game_load,vulkan,candidate,isolated-target,target-23,2af783f2a49774fd7477f6f1124916418390f259,c82380034a6e5a134cf1f0c20f76cbb8db3bef813cd55a29324ea07112de18c9,PASS,0,PASSED,True,
game_load,vulkan,baseline,isolated-target,target-24,fdfb5a8f481b2f870c57080e74ec8d3a31a47053,2be4252b8e08cf0459c5de760fac35b9078761e5d75339ce64b7a071026fbbe1,PASS,0,PASSED,True,
game_load,vulkan,candidate,isolated-target,target-24,2af783f2a49774fd7477f6f1124916418390f259,c82380034a6e5a134cf1f0c20f76cbb8db3bef813cd55a29324ea07112de18c9,PASS,0,PASSED,True,
game_load,vulkan,baseline,isolated-target,target-25,fdfb5a8f481b2f870c57080e74ec8d3a31a47053,2be4252b8e08cf0459c5de760fac35b9078761e5d75339ce64b7a071026fbbe1,PASS,0,PASSED,True,
game_load,vulkan,candidate,isolated-target,target-25,2af783f2a49774fd7477f6f1124916418390f259,c82380034a6e5a134cf1f0c20f76cbb8db3bef813cd55a29324ea07112de18c9,PASS,0,PASSED,True,
high_vertex_count,vulkan,candidate,group,group,2af783f2a49774fd7477f6f1124916418390f259,c82380034a6e5a134cf1f0c20f76cbb8db3bef813cd55a29324ea07112de18c9,PASS,0,PASSED,True,
high_vertex_count,vulkan,baseline,group,group,fdfb5a8f481b2f870c57080e74ec8d3a31a47053,2be4252b8e08cf0459c5de760fac35b9078761e5d75339ce64b7a071026fbbe1,PASS,0,PASSED,True,
pfifo_array_elements,vulkan,baseline,group,group,fdfb5a8f481b2f870c57080e74ec8d3a31a47053,2be4252b8e08cf0459c5de760fac35b9078761e5d75339ce64b7a071026fbbe1,PASS,0,PASSED,True,
pfifo_array_elements,vulkan,candidate,group,group,2af783f2a49774fd7477f6f1124916418390f259,c82380034a6e5a134cf1f0c20f76cbb8db3bef813cd55a29324ea07112de18c9,PASS,0,PASSED,True,
pipeline_texture_switch,vulkan,candidate,group,group,2af783f2a49774fd7477f6f1124916418390f259,c82380034a6e5a134cf1f0c20f76cbb8db3bef813cd55a29324ea07112de18c9,PASS,0,PASSED,True,
pipeline_texture_switch,vulkan,baseline,group,group,fdfb5a8f481b2f870c57080e74ec8d3a31a47053,2be4252b8e08cf0459c5de760fac35b9078761e5d75339ce64b7a071026fbbe1,PASS,0,PASSED,True,
primitive_type,vulkan,baseline,group,group,fdfb5a8f481b2f870c57080e74ec8d3a31a47053,2be4252b8e08cf0459c5de760fac35b9078761e5d75339ce64b7a071026fbbe1,PASS,0,PASSED,True,
primitive_type,vulkan,candidate,group,group,2af783f2a49774fd7477f6f1124916418390f259,c82380034a6e5a134cf1f0c20f76cbb8db3bef813cd55a29324ea07112de18c9,PASS,0,PASSED,True,
report_query,vulkan,candidate,group,group,2af783f2a49774fd7477f6f1124916418390f259,c82380034a6e5a134cf1f0c20f76cbb8db3bef813cd55a29324ea07112de18c9,PASS,0,PASSED,False,
report_query,vulkan,baseline,group,group,fdfb5a8f481b2f870c57080e74ec8d3a31a47053,2be4252b8e08cf0459c5de760fac35b9078761e5d75339ce64b7a071026fbbe1,N/A,1,FAILED,False,N/A: guest benchmark reported FAIL
report_query,vulkan,candidate,isolated-target,target-0,2af783f2a49774fd7477f6f1124916418390f259,c82380034a6e5a134cf1f0c20f76cbb8db3bef813cd55a29324ea07112de18c9,PASS,0,PASSED,True,
report_query,vulkan,baseline,isolated-target,target-0,fdfb5a8f481b2f870c57080e74ec8d3a31a47053,2be4252b8e08cf0459c5de760fac35b9078761e5d75339ce64b7a071026fbbe1,PASS,0,PASSED,True,
report_query,vulkan,candidate,isolated-target,target-1,2af783f2a49774fd7477f6f1124916418390f259,c82380034a6e5a134cf1f0c20f76cbb8db3bef813cd55a29324ea07112de18c9,PASS,0,PASSED,True,
report_query,vulkan,baseline,isolated-target,target-1,fdfb5a8f481b2f870c57080e74ec8d3a31a47053,2be4252b8e08cf0459c5de760fac35b9078761e5d75339ce64b7a071026fbbe1,PASS,0,PASSED,True,
report_query,vulkan,candidate,isolated-target,target-2,2af783f2a49774fd7477f6f1124916418390f259,c82380034a6e5a134cf1f0c20f76cbb8db3bef813cd55a29324ea07112de18c9,PASS,0,PASSED,True,
report_query,vulkan,baseline,isolated-target,target-2,fdfb5a8f481b2f870c57080e74ec8d3a31a47053,2be4252b8e08cf0459c5de760fac35b9078761e5d75339ce64b7a071026fbbe1,N/A,1,FAILED,True,N/A: guest benchmark reported FAIL
report_query,vulkan,candidate,isolated-target,target-3,2af783f2a49774fd7477f6f1124916418390f259,c82380034a6e5a134cf1f0c20f76cbb8db3bef813cd55a29324ea07112de18c9,PASS,0,PASSED,True,
report_query,vulkan,baseline,isolated-target,target-3,fdfb5a8f481b2f870c57080e74ec8d3a31a47053,2be4252b8e08cf0459c5de760fac35b9078761e5d75339ce64b7a071026fbbe1,N/A,1,FAILED,True,N/A: guest benchmark reported FAIL
report_query,vulkan,candidate,isolated-target,target-4,2af783f2a49774fd7477f6f1124916418390f259,c82380034a6e5a134cf1f0c20f76cbb8db3bef813cd55a29324ea07112de18c9,PASS,0,PASSED,True,
report_query,vulkan,baseline,isolated-target,target-4,fdfb5a8f481b2f870c57080e74ec8d3a31a47053,2be4252b8e08cf0459c5de760fac35b9078761e5d75339ce64b7a071026fbbe1,PASS,0,PASSED,True,
report_query,vulkan,candidate,isolated-target,target-5,2af783f2a49774fd7477f6f1124916418390f259,c82380034a6e5a134cf1f0c20f76cbb8db3bef813cd55a29324ea07112de18c9,PASS,0,PASSED,True,
report_query,vulkan,baseline,isolated-target,target-5,fdfb5a8f481b2f870c57080e74ec8d3a31a47053,2be4252b8e08cf0459c5de760fac35b9078761e5d75339ce64b7a071026fbbe1,PASS,0,PASSED,True,
report_query,vulkan,candidate,isolated-target,target-6,2af783f2a49774fd7477f6f1124916418390f259,c82380034a6e5a134cf1f0c20f76cbb8db3bef813cd55a29324ea07112de18c9,PASS,0,PASSED,True,
report_query,vulkan,baseline,isolated-target,target-6,fdfb5a8f481b2f870c57080e74ec8d3a31a47053,2be4252b8e08cf0459c5de760fac35b9078761e5d75339ce64b7a071026fbbe1,PASS,0,PASSED,True,
report_query,vulkan,candidate,isolated-target,target-7,2af783f2a49774fd7477f6f1124916418390f259,c82380034a6e5a134cf1f0c20f76cbb8db3bef813cd55a29324ea07112de18c9,PASS,0,PASSED,True,
report_query,vulkan,baseline,isolated-target,target-7,fdfb5a8f481b2f870c57080e74ec8d3a31a47053,2be4252b8e08cf0459c5de760fac35b9078761e5d75339ce64b7a071026fbbe1,PASS,0,PASSED,True,
surface,vulkan,baseline,group,group,fdfb5a8f481b2f870c57080e74ec8d3a31a47053,2be4252b8e08cf0459c5de760fac35b9078761e5d75339ce64b7a071026fbbe1,PASS,0,PASSED,True,
surface,vulkan,candidate,group,group,2af783f2a49774fd7477f6f1124916418390f259,c82380034a6e5a134cf1f0c20f76cbb8db3bef813cd55a29324ea07112de18c9,PASS,0,PASSED,True,
texture_cubemap_fallback,vulkan,candidate,group,group,2af783f2a49774fd7477f6f1124916418390f259,c82380034a6e5a134cf1f0c20f76cbb8db3bef813cd55a29324ea07112de18c9,PASS,0,PASSED,False,
texture_cubemap_fallback,vulkan,baseline,group,group,fdfb5a8f481b2f870c57080e74ec8d3a31a47053,2be4252b8e08cf0459c5de760fac35b9078761e5d75339ce64b7a071026fbbe1,N/A,1,FAILED,False,N/A: catalog/result mismatch
texture_cubemap_fallback,vulkan,candidate,isolated-target,target-0,2af783f2a49774fd7477f6f1124916418390f259,c82380034a6e5a134cf1f0c20f76cbb8db3bef813cd55a29324ea07112de18c9,PASS,0,PASSED,True,
texture_cubemap_fallback,vulkan,baseline,isolated-target,target-0,fdfb5a8f481b2f870c57080e74ec8d3a31a47053,2be4252b8e08cf0459c5de760fac35b9078761e5d75339ce64b7a071026fbbe1,N/A,1,FAILED,True,N/A: catalog/result mismatch
texture_cubemap_fallback,vulkan,candidate,isolated-target,target-1,2af783f2a49774fd7477f6f1124916418390f259,c82380034a6e5a134cf1f0c20f76cbb8db3bef813cd55a29324ea07112de18c9,PASS,0,PASSED,True,
texture_cubemap_fallback,vulkan,baseline,isolated-target,target-1,fdfb5a8f481b2f870c57080e74ec8d3a31a47053,2be4252b8e08cf0459c5de760fac35b9078761e5d75339ce64b7a071026fbbe1,N/A,1,FAILED,True,N/A: catalog/result mismatch
texture_cubemap_fallback,vulkan,candidate,isolated-target,target-2,2af783f2a49774fd7477f6f1124916418390f259,c82380034a6e5a134cf1f0c20f76cbb8db3bef813cd55a29324ea07112de18c9,PASS,0,PASSED,True,
texture_cubemap_fallback,vulkan,baseline,isolated-target,target-2,fdfb5a8f481b2f870c57080e74ec8d3a31a47053,2be4252b8e08cf0459c5de760fac35b9078761e5d75339ce64b7a071026fbbe1,N/A,1,FAILED,True,N/A: catalog/result mismatch
tiny_draw,vulkan,baseline,group,group,fdfb5a8f481b2f870c57080e74ec8d3a31a47053,2be4252b8e08cf0459c5de760fac35b9078761e5d75339ce64b7a071026fbbe1,PASS,0,PASSED,True,
tiny_draw,vulkan,candidate,group,group,2af783f2a49774fd7477f6f1124916418390f259,c82380034a6e5a134cf1f0c20f76cbb8db3bef813cd55a29324ea07112de18c9,PASS,0,PASSED,True,
uniform_thrash,vulkan,candidate,group,group,2af783f2a49774fd7477f6f1124916418390f259,c82380034a6e5a134cf1f0c20f76cbb8db3bef813cd55a29324ea07112de18c9,PASS,0,PASSED,True,
uniform_thrash,vulkan,baseline,group,group,fdfb5a8f481b2f870c57080e74ec8d3a31a47053,2be4252b8e08cf0459c5de760fac35b9078761e5d75339ce64b7a071026fbbe1,PASS,0,PASSED,True,
vertex_buffer_allocation,vulkan,baseline,group,group,fdfb5a8f481b2f870c57080e74ec8d3a31a47053,2be4252b8e08cf0459c5de760fac35b9078761e5d75339ce64b7a071026fbbe1,PASS,0,PASSED,True,
vertex_buffer_allocation,vulkan,candidate,group,group,2af783f2a49774fd7477f6f1124916418390f259,c82380034a6e5a134cf1f0c20f76cbb8db3bef813cd55a29324ea07112de18c9,PASS,0,PASSED,True,
busy_pfifo,opengl,baseline,group,group,fdfb5a8f481b2f870c57080e74ec8d3a31a47053,2be4252b8e08cf0459c5de760fac35b9078761e5d75339ce64b7a071026fbbe1,PASS,0,PASSED,True,
busy_pfifo,opengl,candidate,group,group,2af783f2a49774fd7477f6f1124916418390f259,c82380034a6e5a134cf1f0c20f76cbb8db3bef813cd55a29324ea07112de18c9,PASS,0,PASSED,True,
cpu_floating_point,opengl,candidate,group,group,2af783f2a49774fd7477f6f1124916418390f259,c82380034a6e5a134cf1f0c20f76cbb8db3bef813cd55a29324ea07112de18c9,PASS,0,PASSED,True,
cpu_floating_point,opengl,baseline,group,group,fdfb5a8f481b2f870c57080e74ec8d3a31a47053,2be4252b8e08cf0459c5de760fac35b9078761e5d75339ce64b7a071026fbbe1,PASS,0,PASSED,True,
cpu_translation_blocks,opengl,baseline,group,group,fdfb5a8f481b2f870c57080e74ec8d3a31a47053,2be4252b8e08cf0459c5de760fac35b9078761e5d75339ce64b7a071026fbbe1,PASS,0,PASSED,True,
cpu_translation_blocks,opengl,candidate,group,group,2af783f2a49774fd7477f6f1124916418390f259,c82380034a6e5a134cf1f0c20f76cbb8db3bef813cd55a29324ea07112de18c9,PASS,0,PASSED,True,
fill_rate,opengl,candidate,group,group,2af783f2a49774fd7477f6f1124916418390f259,c82380034a6e5a134cf1f0c20f76cbb8db3bef813cd55a29324ea07112de18c9,PASS,0,PASSED,True,
fill_rate,opengl,baseline,group,group,fdfb5a8f481b2f870c57080e74ec8d3a31a47053,2be4252b8e08cf0459c5de760fac35b9078761e5d75339ce64b7a071026fbbe1,PASS,0,PASSED,True,
game_load,opengl,baseline,group,group,fdfb5a8f481b2f870c57080e74ec8d3a31a47053,2be4252b8e08cf0459c5de760fac35b9078761e5d75339ce64b7a071026fbbe1,PASS,0,PASSED,True,
game_load,opengl,candidate,group,group,2af783f2a49774fd7477f6f1124916418390f259,c82380034a6e5a134cf1f0c20f76cbb8db3bef813cd55a29324ea07112de18c9,PASS,0,PASSED,True,
high_vertex_count,opengl,candidate,group,group,2af783f2a49774fd7477f6f1124916418390f259,c82380034a6e5a134cf1f0c20f76cbb8db3bef813cd55a29324ea07112de18c9,PASS,0,PASSED,True,
high_vertex_count,opengl,baseline,group,group,fdfb5a8f481b2f870c57080e74ec8d3a31a47053,2be4252b8e08cf0459c5de760fac35b9078761e5d75339ce64b7a071026fbbe1,PASS,0,PASSED,True,
pfifo_array_elements,opengl,baseline,group,group,fdfb5a8f481b2f870c57080e74ec8d3a31a47053,2be4252b8e08cf0459c5de760fac35b9078761e5d75339ce64b7a071026fbbe1,PASS,0,PASSED,True,
pfifo_array_elements,opengl,candidate,group,group,2af783f2a49774fd7477f6f1124916418390f259,c82380034a6e5a134cf1f0c20f76cbb8db3bef813cd55a29324ea07112de18c9,PASS,0,PASSED,True,
pipeline_texture_switch,opengl,candidate,group,group,2af783f2a49774fd7477f6f1124916418390f259,c82380034a6e5a134cf1f0c20f76cbb8db3bef813cd55a29324ea07112de18c9,PASS,0,PASSED,True,
pipeline_texture_switch,opengl,baseline,group,group,fdfb5a8f481b2f870c57080e74ec8d3a31a47053,2be4252b8e08cf0459c5de760fac35b9078761e5d75339ce64b7a071026fbbe1,PASS,0,PASSED,True,
primitive_type,opengl,baseline,group,group,fdfb5a8f481b2f870c57080e74ec8d3a31a47053,2be4252b8e08cf0459c5de760fac35b9078761e5d75339ce64b7a071026fbbe1,PASS,0,PASSED,True,
primitive_type,opengl,candidate,group,group,2af783f2a49774fd7477f6f1124916418390f259,c82380034a6e5a134cf1f0c20f76cbb8db3bef813cd55a29324ea07112de18c9,PASS,0,PASSED,True,
report_query,opengl,candidate,group,group,2af783f2a49774fd7477f6f1124916418390f259,c82380034a6e5a134cf1f0c20f76cbb8db3bef813cd55a29324ea07112de18c9,PASS,0,PASSED,False,
report_query,opengl,baseline,group,group,fdfb5a8f481b2f870c57080e74ec8d3a31a47053,2be4252b8e08cf0459c5de760fac35b9078761e5d75339ce64b7a071026fbbe1,N/A,1,FAILED,False,N/A: guest benchmark reported FAIL
report_query,opengl,candidate,isolated-target,target-0,2af783f2a49774fd7477f6f1124916418390f259,c82380034a6e5a134cf1f0c20f76cbb8db3bef813cd55a29324ea07112de18c9,PASS,0,PASSED,True,
report_query,opengl,baseline,isolated-target,target-0,fdfb5a8f481b2f870c57080e74ec8d3a31a47053,2be4252b8e08cf0459c5de760fac35b9078761e5d75339ce64b7a071026fbbe1,PASS,0,PASSED,True,
report_query,opengl,candidate,isolated-target,target-1,2af783f2a49774fd7477f6f1124916418390f259,c82380034a6e5a134cf1f0c20f76cbb8db3bef813cd55a29324ea07112de18c9,PASS,0,PASSED,True,
report_query,opengl,baseline,isolated-target,target-1,fdfb5a8f481b2f870c57080e74ec8d3a31a47053,2be4252b8e08cf0459c5de760fac35b9078761e5d75339ce64b7a071026fbbe1,PASS,0,PASSED,True,
report_query,opengl,candidate,isolated-target,target-2,2af783f2a49774fd7477f6f1124916418390f259,c82380034a6e5a134cf1f0c20f76cbb8db3bef813cd55a29324ea07112de18c9,PASS,0,PASSED,True,
report_query,opengl,baseline,isolated-target,target-2,fdfb5a8f481b2f870c57080e74ec8d3a31a47053,2be4252b8e08cf0459c5de760fac35b9078761e5d75339ce64b7a071026fbbe1,N/A,1,FAILED,True,N/A: guest benchmark reported FAIL
report_query,opengl,candidate,isolated-target,target-3,2af783f2a49774fd7477f6f1124916418390f259,c82380034a6e5a134cf1f0c20f76cbb8db3bef813cd55a29324ea07112de18c9,PASS,0,PASSED,True,
report_query,opengl,baseline,isolated-target,target-3,fdfb5a8f481b2f870c57080e74ec8d3a31a47053,2be4252b8e08cf0459c5de760fac35b9078761e5d75339ce64b7a071026fbbe1,PASS,0,PASSED,True,
report_query,opengl,candidate,isolated-target,target-4,2af783f2a49774fd7477f6f1124916418390f259,c82380034a6e5a134cf1f0c20f76cbb8db3bef813cd55a29324ea07112de18c9,PASS,0,PASSED,True,
report_query,opengl,baseline,isolated-target,target-4,fdfb5a8f481b2f870c57080e74ec8d3a31a47053,2be4252b8e08cf0459c5de760fac35b9078761e5d75339ce64b7a071026fbbe1,PASS,0,PASSED,True,
report_query,opengl,candidate,isolated-target,target-5,2af783f2a49774fd7477f6f1124916418390f259,c82380034a6e5a134cf1f0c20f76cbb8db3bef813cd55a29324ea07112de18c9,PASS,0,PASSED,True,
report_query,opengl,baseline,isolated-target,target-5,fdfb5a8f481b2f870c57080e74ec8d3a31a47053,2be4252b8e08cf0459c5de760fac35b9078761e5d75339ce64b7a071026fbbe1,PASS,0,PASSED,True,
report_query,opengl,candidate,isolated-target,target-6,2af783f2a49774fd7477f6f1124916418390f259,c82380034a6e5a134cf1f0c20f76cbb8db3bef813cd55a29324ea07112de18c9,PASS,0,PASSED,True,
report_query,opengl,baseline,isolated-target,target-6,fdfb5a8f481b2f870c57080e74ec8d3a31a47053,2be4252b8e08cf0459c5de760fac35b9078761e5d75339ce64b7a071026fbbe1,PASS,0,PASSED,True,
report_query,opengl,candidate,isolated-target,target-7,2af783f2a49774fd7477f6f1124916418390f259,c82380034a6e5a134cf1f0c20f76cbb8db3bef813cd55a29324ea07112de18c9,PASS,0,PASSED,True,
report_query,opengl,baseline,isolated-target,target-7,fdfb5a8f481b2f870c57080e74ec8d3a31a47053,2be4252b8e08cf0459c5de760fac35b9078761e5d75339ce64b7a071026fbbe1,PASS,0,PASSED,True,
surface,opengl,baseline,group,group,fdfb5a8f481b2f870c57080e74ec8d3a31a47053,2be4252b8e08cf0459c5de760fac35b9078761e5d75339ce64b7a071026fbbe1,PASS,0,PASSED,True,
surface,opengl,candidate,group,group,2af783f2a49774fd7477f6f1124916418390f259,c82380034a6e5a134cf1f0c20f76cbb8db3bef813cd55a29324ea07112de18c9,PASS,0,PASSED,True,
texture_cubemap_fallback,opengl,candidate,group,group,2af783f2a49774fd7477f6f1124916418390f259,c82380034a6e5a134cf1f0c20f76cbb8db3bef813cd55a29324ea07112de18c9,PASS,0,PASSED,False,
texture_cubemap_fallback,opengl,baseline,group,group,fdfb5a8f481b2f870c57080e74ec8d3a31a47053,2be4252b8e08cf0459c5de760fac35b9078761e5d75339ce64b7a071026fbbe1,N/A,1,FAILED,False,N/A: guest benchmark reported FAIL
texture_cubemap_fallback,opengl,candidate,isolated-target,target-0,2af783f2a49774fd7477f6f1124916418390f259,c82380034a6e5a134cf1f0c20f76cbb8db3bef813cd55a29324ea07112de18c9,PASS,0,PASSED,True,
texture_cubemap_fallback,opengl,baseline,isolated-target,target-0,fdfb5a8f481b2f870c57080e74ec8d3a31a47053,2be4252b8e08cf0459c5de760fac35b9078761e5d75339ce64b7a071026fbbe1,N/A,1,FAILED,True,N/A: guest benchmark reported FAIL
texture_cubemap_fallback,opengl,candidate,isolated-target,target-1,2af783f2a49774fd7477f6f1124916418390f259,c82380034a6e5a134cf1f0c20f76cbb8db3bef813cd55a29324ea07112de18c9,PASS,0,PASSED,True,
texture_cubemap_fallback,opengl,baseline,isolated-target,target-1,fdfb5a8f481b2f870c57080e74ec8d3a31a47053,2be4252b8e08cf0459c5de760fac35b9078761e5d75339ce64b7a071026fbbe1,N/A,1,FAILED,True,N/A: guest benchmark reported FAIL
texture_cubemap_fallback,opengl,candidate,isolated-target,target-2,2af783f2a49774fd7477f6f1124916418390f259,c82380034a6e5a134cf1f0c20f76cbb8db3bef813cd55a29324ea07112de18c9,PASS,0,PASSED,True,
texture_cubemap_fallback,opengl,baseline,isolated-target,target-2,fdfb5a8f481b2f870c57080e74ec8d3a31a47053,2be4252b8e08cf0459c5de760fac35b9078761e5d75339ce64b7a071026fbbe1,N/A,1,FAILED,True,N/A: guest benchmark reported FAIL
tiny_draw,opengl,baseline,group,group,fdfb5a8f481b2f870c57080e74ec8d3a31a47053,2be4252b8e08cf0459c5de760fac35b9078761e5d75339ce64b7a071026fbbe1,PASS,0,PASSED,True,
tiny_draw,opengl,candidate,group,group,2af783f2a49774fd7477f6f1124916418390f259,c82380034a6e5a134cf1f0c20f76cbb8db3bef813cd55a29324ea07112de18c9,PASS,0,PASSED,True,
uniform_thrash,opengl,candidate,group,group,2af783f2a49774fd7477f6f1124916418390f259,c82380034a6e5a134cf1f0c20f76cbb8db3bef813cd55a29324ea07112de18c9,PASS,0,PASSED,True,
uniform_thrash,opengl,baseline,group,group,fdfb5a8f481b2f870c57080e74ec8d3a31a47053,2be4252b8e08cf0459c5de760fac35b9078761e5d75339ce64b7a071026fbbe1,PASS,0,PASSED,True,
vertex_buffer_allocation,opengl,baseline,group,group,fdfb5a8f481b2f870c57080e74ec8d3a31a47053,2be4252b8e08cf0459c5de760fac35b9078761e5d75339ce64b7a071026fbbe1,PASS,0,PASSED,True,
vertex_buffer_allocation,opengl,candidate,group,group,2af783f2a49774fd7477f6f1124916418390f259,c82380034a6e5a134cf1f0c20f76cbb8db3bef813cd55a29324ea07112de18c9,PASS,0,PASSED,True,
