renderer,group,test_id,baseline_average_us,candidate_average_us,average_delta_percent,baseline_p95_us,candidate_p95_us,p95_delta_percent
vulkan,busy_pfifo,busy_pfifo.pfifo_saturation,65287,66064,1.1901,68213,71326,4.5636
vulkan,busy_pfifo,busy_pfifo.pgraph_pattern_polling,5264047,4992414,-5.1602,5264047,4992414,-5.1602
vulkan,cpu_floating_point,cpu_floating_point.sse_scalar,501630,498810,-0.5622,506759,507606,0.1671
vulkan,cpu_floating_point,cpu_floating_point.x87_scalar,748448,749252,0.1074,754409,756703,0.3041
vulkan,cpu_translation_blocks,cpu_translation_blocks.direct_loop,10120,9951,-1.67,10716,10172,-5.0765
vulkan,cpu_translation_blocks,cpu_translation_blocks.indirect_dispatch,24485,24207,-1.1354,25180,24666,-2.0413
vulkan,cpu_translation_blocks,cpu_translation_blocks.indirect_dispatch_stress,484729,482211,-0.5195,487566,486888,-0.1391
vulkan,fill_rate,fill_rate.solid,1753,1697,-3.1945,7346,7153,-2.6273
vulkan,fill_rate,fill_rate.textured,1975,1912,-3.1899,10770,10058,-6.611
vulkan,game_load,game_load.cross_title_hotpath.blend_constant_reuse,115886,116077,0.1648,119064,117939,-0.9449
vulkan,game_load,game_load.cross_title_hotpath.gpu_wait_control,1284,1308,1.8692,1652,1626,-1.5738
vulkan,game_load,game_load.cross_title_hotpath.pgr2_lagspot_inline_elements,115751,116249,0.4302,123901,123408,-0.3979
vulkan,game_load,game_load.cross_title_hotpath.pgr2_small_draws,103905,97838,-5.839,114336,106059,-7.2392
vulkan,game_load,game_load.cross_title_hotpath.pipeline_state_churn,49669,49742,0.147,51315,51538,0.4346
vulkan,game_load,game_load.cross_title_hotpath.queued_vertex_cpu_writes,67178,67135,-0.064,70295,69753,-0.771
vulkan,game_load,game_load.cross_title_hotpath.s3tc_streaming_fenced_draws,4710152,4570582,-2.9632,4729344,4600343,-2.7277
vulkan,game_load,game_load.cross_title_hotpath.scaled_surface_pressure,650526,652750,0.3419,688748,677913,-1.5731
vulkan,game_load,game_load.cross_title_hotpath.surface_reuse,8062,8711,8.0501,9212,10826,17.5206
vulkan,game_load,game_load.cross_title_hotpath.texture_binding_reuse,182303,180227,-1.1388,189389,185380,-2.1168
vulkan,game_load,game_load.cross_title_hotpath.texture_update_reuse,2960,2994,1.1486,3925,4003,1.9873
vulkan,game_load,game_load.doax_menu_representative.cpu_only,9213,9182,-0.3365,9608,9517,-0.9471
vulkan,game_load,game_load.doax_menu_representative.cpu_pfifo_gpu,26150,25417,-2.8031,26652,25744,-3.4069
vulkan,game_load,game_load.doax_menu_representative.cpu_pfifo_gpu_streaming,31514,30338,-3.7317,32831,31248,-4.8217
vulkan,game_load,game_load.doax_menu_representative.full_system,31930,30805,-3.5233,36478,34566,-5.2415
vulkan,game_load,game_load.doax_menu_representative.gpu_only,15009,14067,-6.2762,15261,14521,-4.849
vulkan,game_load,game_load.doax_menu_representative.pfifo_only,2206,2028,-8.0689,2255,2213,-1.8625
vulkan,game_load,game_load.doax_menu_representative.streaming_only,5764,6017,4.3893,5961,6919,16.0711
vulkan,game_load,game_load.doax_menu_stress.cpu_only,18556,18329,-1.2233,18843,18574,-1.4276
vulkan,game_load,game_load.doax_menu_stress.cpu_pfifo_gpu,51904,50100,-3.4756,52510,50899,-3.068
vulkan,game_load,game_load.doax_menu_stress.cpu_pfifo_gpu_streaming,61850,60131,-2.7793,63249,61780,-2.3226
vulkan,game_load,game_load.doax_menu_stress.full_system,62508,60331,-3.4828,68965,66104,-4.1485
vulkan,game_load,game_load.doax_menu_stress.gpu_only,29217,28201,-3.4774,30023,28804,-4.0602
vulkan,game_load,game_load.doax_menu_stress.pfifo_only,4318,3889,-9.9352,4415,4060,-8.0408
vulkan,game_load,game_load.doax_menu_stress.streaming_only,11186,11285,0.885,12176,12356,1.4783
vulkan,game_load,game_load.long_unlocked_scene.alpha_overdraw,28905,28154,-2.5982,29849,34274,14.8246
vulkan,game_load,game_load.long_unlocked_scene.combined,61475,59576,-3.0891,63072,62700,-0.5898
vulkan,game_load,game_load.long_unlocked_scene.cpu,15599,15571,-0.1795,16021,16111,0.5618
vulkan,game_load,game_load.long_unlocked_scene.full_system,61300,60131,-1.907,63604,63138,-0.7327
vulkan,game_load,game_load.long_unlocked_scene.pfifo,4486,4149,-7.5123,4926,4408,-10.5156
vulkan,game_load,game_load.long_unlocked_scene.streaming_surface_reuse,12034,11521,-4.2629,14717,12957,-11.959
vulkan,game_load,game_load.pgr2_ai_backup.cpu_only,25614,25770,0.609,26267,26219,-0.1827
vulkan,game_load,game_load.pgr2_ai_backup.cpu_pfifo_gpu,118770,113972,-4.0397,121939,115138,-5.5774
vulkan,game_load,game_load.pgr2_ai_backup.cpu_pfifo_gpu_streaming,123512,118994,-3.6579,125364,120725,-3.7004
vulkan,game_load,game_load.pgr2_ai_backup.full_system,123821,119315,-3.6391,126048,120552,-4.3602
vulkan,game_load,game_load.pgr2_ai_backup.gpu_only,76383,73183,-4.1894,77635,74500,-4.0381
vulkan,game_load,game_load.pgr2_ai_backup.pfifo_only,17317,15585,-10.0017,17812,16475,-7.5062
vulkan,game_load,game_load.pgr2_ai_backup.streaming_only,4607,4017,-12.8066,7224,4587,-36.5033
vulkan,game_load,game_load.repeated_display,16528,16548,0.121,16759,16785,0.1551
vulkan,game_load,game_load.repeated_display_boosted,49690,49734,0.0885,51012,50013,-1.9584
vulkan,game_load,game_load.s3tc_sync_factor.bc2_bordered_fallback,49480,49737,0.5194,50420,50556,0.2697
vulkan,game_load,game_load.s3tc_sync_factor.bc2_native_eligible,17516,17843,1.8669,24263,27187,12.0513
vulkan,game_load,game_load.s3tc_sync_factor.bc3_bordered_fallback,49491,49712,0.4465,50608,50209,-0.7884
vulkan,game_load,game_load.s3tc_sync_factor.bc3_native_eligible,17721,16011,-9.6496,26308,16919,-35.6888
vulkan,game_load,game_load.s3tc_sync_factor.dxt1_dirty_once_redraw,16741,14924,-10.8536,18512,16982,-8.2649
vulkan,game_load,game_load.s3tc_sync_factor.dxt1_ring_payload_generations,16953,15258,-9.9982,23093,16770,-27.3806
vulkan,game_load,game_load.s3tc_sync_factor.dxt1_same_address_queued,17259,16251,-5.8404,21633,16977,-21.5227
vulkan,game_load,game_load.s3tc_sync_factor.dxt1_same_address_wait,32232,33643,4.3776,38029,38475,1.1728
vulkan,game_load,game_load.s3tc_sync_factor.rgba8_dirty_once_redraw,17288,15829,-8.4394,22597,17169,-24.0209
vulkan,game_load,game_load.s3tc_sync_factor.rgba8_ring_payload_generations,48347,48662,0.6515,51619,50252,-2.6482
vulkan,game_load,game_load.s3tc_sync_factor.rgba8_same_address_queued,49165,49393,0.4637,50796,50766,-0.0591
vulkan,game_load,game_load.s3tc_sync_factor.rgba8_same_address_wait,49766,52223,4.9371,50517,59826,18.4275
vulkan,high_vertex_count,high_vertex_count.arrays,133,139,4.5113,92,87,-5.4348
vulkan,high_vertex_count,high_vertex_count.inline_arrays,31765,30688,-3.3905,34920,33943,-2.7978
vulkan,high_vertex_count,high_vertex_count.inline_buffers,203021,192543,-5.161,205343,198433,-3.3651
vulkan,high_vertex_count,high_vertex_count.inline_elements,2355,2366,0.4671,2454,2472,0.7335
vulkan,pfifo_array_elements,pfifo_array_elements.array_element16,559,568,1.61,711,841,18.2841
vulkan,pfifo_array_elements,pfifo_array_elements.array_element32,1017,994,-2.2616,1115,1128,1.1659
vulkan,pfifo_array_elements,pfifo_array_elements.array_element_pgr2,1311,1296,-1.1442,6794,7150,5.2399
vulkan,pipeline_texture_switch,pipeline_texture_switch.clear_texture_normal,28824,28237,-2.0365,34264,33372,-2.6033
vulkan,pipeline_texture_switch,pipeline_texture_switch.sampler_only_identity,18550,17766,-4.2264,19607,19502,-0.5355
vulkan,pipeline_texture_switch,pipeline_texture_switch.shader_negative_control,18867,18291,-3.0529,24393,23198,-4.8989
vulkan,pipeline_texture_switch,pipeline_texture_switch.texture_switch,17798,17390,-2.2924,21447,22140,3.2312
vulkan,primitive_type,primitive_type.line_loop.fixed_function,791,843,6.574,4412,4771,8.1369
vulkan,primitive_type,primitive_type.line_loop.vertex_shader,468,438,-6.4103,987,846,-14.2857
vulkan,primitive_type,primitive_type.line_strip.fixed_function,780,741,-5.0,3246,2708,-16.5742
vulkan,primitive_type,primitive_type.line_strip.vertex_shader,435,433,-0.4598,753,799,6.1089
vulkan,primitive_type,primitive_type.lines.fixed_function,994,1025,3.1187,3129,3352,7.1269
vulkan,primitive_type,primitive_type.lines.vertex_shader,806,782,-2.9777,1201,1171,-2.4979
vulkan,primitive_type,primitive_type.points.fixed_function,963,953,-1.0384,6057,5863,-3.2029
vulkan,primitive_type,primitive_type.points.vertex_shader,1007,1063,5.5611,6463,6939,7.365
vulkan,primitive_type,primitive_type.polygon.fixed_function,676,668,-1.1834,3146,3145,-0.0318
vulkan,primitive_type,primitive_type.polygon.vertex_shader,465,423,-9.0323,1010,738,-26.9307
vulkan,primitive_type,primitive_type.quad_strip.fixed_function,1362,1328,-2.4963,6904,6535,-5.3447
vulkan,primitive_type,primitive_type.quad_strip.vertex_shader,930,963,3.5484,2437,2532,3.8982
vulkan,primitive_type,primitive_type.quads.fixed_function,1485,1519,2.2896,1819,1953,7.3667
vulkan,primitive_type,primitive_type.quads.vertex_shader,1500,1516,1.0667,1815,1815,0.0
vulkan,primitive_type,primitive_type.triangle_fan.fixed_function,669,675,0.8969,3108,3106,-0.0644
vulkan,primitive_type,primitive_type.triangle_fan.vertex_shader,425,434,2.1176,731,843,15.3215
vulkan,primitive_type,primitive_type.triangle_strip.fixed_function,438,434,-0.9132,751,771,2.6631
vulkan,primitive_type,primitive_type.triangle_strip.vertex_shader,432,438,1.3889,763,840,10.0917
vulkan,primitive_type,primitive_type.triangles.fixed_function,1342,1431,6.6319,3677,4138,12.5374
vulkan,primitive_type,primitive_type.triangles.vertex_shader,1136,1129,-0.6162,1450,1506,3.8621
vulkan,report_query,report_query.clear_boundary,3249,3254,0.1539,4347,4270,-1.7713
vulkan,report_query,report_query.dma_target_switch,3538,3881,9.6947,4316,4579,6.0936
vulkan,report_query,report_query.fifo_producer_ordering,3156,2913,-7.6996,3970,3235,-18.5139
vulkan,report_query,report_query.multiple_boundaries,2817,2963,5.1828,3393,3843,13.2626
vulkan,report_query,report_query.single_boundary,2739,2657,-2.9938,2808,2702,-3.7749
vulkan,report_query,report_query.zero_query,1672,1662,-0.5981,2750,2706,-1.6
vulkan,surface,surface.basic,41988,42717,1.7362,84932,88603,4.3223
vulkan,surface,surface.cpu_read_after_gpu_write,2129,2163,1.597,1996,2215,10.9719
vulkan,surface,surface.cpu_read_clean_surface,71,69,-2.8169,80,82,2.5
vulkan,surface,surface.framebuffer_working_set_002,2382,2508,5.2897,3357,3717,10.7239
vulkan,surface,surface.framebuffer_working_set_008,2349,2292,-2.4266,3528,3289,-6.7744
vulkan,surface,surface.framebuffer_working_set_032,2529,2432,-3.8355,3447,3489,1.2185
vulkan,surface,surface.framebuffer_working_set_064,2612,2624,0.4594,3579,3820,6.7337
vulkan,surface,surface.full_clear_elision_guard,2784,2868,3.0172,4044,4133,2.2008
vulkan,surface,surface.overlapping_surface_churn_representative,2824,2866,1.4873,3222,3271,1.5208
vulkan,surface,surface.overlapping_surface_churn_stress,43713,43742,0.0663,45078,44995,-0.1841
vulkan,surface,surface.partial_channel_clear_guard,1841,1865,1.3036,2152,2167,0.697
vulkan,surface,surface.surface_download_path,32932,32920,-0.0364,42334,41396,-2.2157
vulkan,surface,surface.surface_list_lookup_002,1877,1921,2.3442,2485,2478,-0.2817
vulkan,surface,surface.surface_list_lookup_008,1832,1802,-1.6376,2446,2349,-3.9657
vulkan,surface,surface.surface_list_lookup_032,1740,1837,5.5747,2209,2282,3.3047
vulkan,surface,surface.surface_list_lookup_128,1930,2012,4.2487,2421,2661,9.9133
vulkan,surface,surface.vulkan_memory_pressure.representative.alias_resize,42083,43052,2.3026,48629,49043,0.8513
vulkan,surface,surface.vulkan_memory_pressure.representative.growth,42361,42768,0.9608,55628,56912,2.3082
vulkan,surface,surface.vulkan_memory_pressure.representative.idle_retention,1375,1464,6.4727,1635,1919,17.37
vulkan,surface,surface.vulkan_memory_pressure.representative.plateau,38236,39286,2.7461,38592,40252,4.3014
vulkan,surface,surface.vulkan_memory_pressure.representative.reuse,41753,42364,1.4634,47063,47270,0.4398
vulkan,surface,surface.vulkan_memory_pressure.stress.alias_resize,189782,191934,1.1339,220406,221619,0.5503
vulkan,surface,surface.vulkan_memory_pressure.stress.growth,174548,175487,0.538,219312,219621,0.1409
vulkan,surface,surface.vulkan_memory_pressure.stress.idle_retention,573,490,-14.4852,720,580,-19.4444
vulkan,surface,surface.vulkan_memory_pressure.stress.plateau,166303,178322,7.2272,176287,184221,4.5006
vulkan,surface,surface.vulkan_memory_pressure.stress.reuse,187059,190689,1.9406,212612,216184,1.6801
vulkan,tiny_draw,tiny_draw.arrays.fixed_function,18957,18279,-3.5765,19559,19067,-2.5155
vulkan,tiny_draw,tiny_draw.arrays.vertex_shader,19424,18256,-6.0132,20333,18744,-7.8149
vulkan,tiny_draw,tiny_draw.inline_arrays.fixed_function,24361,23292,-4.3882,26456,24486,-7.4463
vulkan,tiny_draw,tiny_draw.inline_arrays.vertex_shader,24525,23371,-4.7054,26211,24546,-6.3523
vulkan,tiny_draw,tiny_draw.inline_buffers.fixed_function,30771,30703,-0.221,34489,32528,-5.6859
vulkan,tiny_draw,tiny_draw.inline_buffers.vertex_shader,30057,29229,-2.7548,33149,30857,-6.9142
vulkan,tiny_draw,tiny_draw.inline_elements.fixed_function,18904,18121,-4.142,19520,18429,-5.5891
vulkan,tiny_draw,tiny_draw.inline_elements.vertex_shader,18675,18115,-2.9987,19303,18384,-4.7609
vulkan,uniform_thrash,uniform_thrash.uniform_thrash,2763,2829,2.3887,9104,9355,2.757
vulkan,vertex_buffer_allocation,vertex_buffer_allocation.disjoint_same_page,32513,32744,0.7105,34109,33829,-0.8209
vulkan,vertex_buffer_allocation,vertex_buffer_allocation.mixed.arrays,21957,22024,0.3051,23879,23794,-0.356
vulkan,vertex_buffer_allocation,vertex_buffer_allocation.mixed.inline_arrays,96690,93822,-2.9662,101515,100618,-0.8836
vulkan,vertex_buffer_allocation,vertex_buffer_allocation.mixed.inline_buffers,537688,513147,-4.5642,544441,524825,-3.603
vulkan,vertex_buffer_allocation,vertex_buffer_allocation.mixed.inline_elements,26927,26850,-0.286,27078,27297,0.8088
vulkan,vertex_buffer_allocation,vertex_buffer_allocation.tiny.arrays,70395,70156,-0.3395,76360,77132,1.011
vulkan,vertex_buffer_allocation,vertex_buffer_allocation.tiny.inline_arrays,35646,34794,-2.3902,37977,37408,-1.4983
vulkan,vertex_buffer_allocation,vertex_buffer_allocation.tiny.inline_buffers,36068,35536,-1.475,36712,36826,0.3105
vulkan,vertex_buffer_allocation,vertex_buffer_allocation.tiny.inline_elements,55846,55240,-1.0851,76555,79172,3.4185
opengl,busy_pfifo,busy_pfifo.pfifo_saturation,67241,66973,-0.3986,73738,69004,-6.42
opengl,busy_pfifo,busy_pfifo.pgraph_pattern_polling,4437405,4442872,0.1232,4437405,4442872,0.1232
opengl,cpu_floating_point,cpu_floating_point.sse_scalar,494948,496749,0.3639,501364,502987,0.3237
opengl,cpu_floating_point,cpu_floating_point.x87_scalar,745307,745145,-0.0217,747854,747046,-0.108
opengl,cpu_translation_blocks,cpu_translation_blocks.direct_loop,10027,9923,-1.0372,10239,10044,-1.9045
opengl,cpu_translation_blocks,cpu_translation_blocks.indirect_dispatch,24063,24367,1.2634,25345,25377,0.1263
opengl,cpu_translation_blocks,cpu_translation_blocks.indirect_dispatch_stress,482134,481746,-0.0805,485728,484441,-0.265
opengl,fill_rate,fill_rate.solid,1511,1469,-2.7796,2277,2307,1.3175
opengl,fill_rate,fill_rate.textured,1626,1304,-19.8032,2401,1836,-23.5319
opengl,game_load,game_load.cross_title_hotpath.blend_constant_reuse,84183,82982,-1.4267,92272,85384,-7.4649
opengl,game_load,game_load.cross_title_hotpath.gpu_wait_control,2353,2336,-0.7225,3106,2899,-6.6645
opengl,game_load,game_load.cross_title_hotpath.pgr2_lagspot_inline_elements,82972,82274,-0.8412,84176,85156,1.1642
opengl,game_load,game_load.cross_title_hotpath.pgr2_small_draws,92208,89369,-3.0789,100398,97623,-2.764
opengl,game_load,game_load.cross_title_hotpath.pipeline_state_churn,50762,50726,-0.0709,57256,55967,-2.2513
opengl,game_load,game_load.cross_title_hotpath.queued_vertex_cpu_writes,50689,50438,-0.4952,55533,54686,-1.5252
opengl,game_load,game_load.cross_title_hotpath.s3tc_streaming_fenced_draws,8465536,8477550,0.1419,8576378,8511135,-0.7607
opengl,game_load,game_load.cross_title_hotpath.scaled_surface_pressure,232625,231557,-0.4591,240334,239007,-0.5521
opengl,game_load,game_load.cross_title_hotpath.surface_reuse,6295,5980,-5.004,7767,6489,-16.4542
opengl,game_load,game_load.cross_title_hotpath.texture_binding_reuse,116443,102644,-11.8504,118678,115813,-2.4141
opengl,game_load,game_load.cross_title_hotpath.texture_update_reuse,2910,2912,0.0687,3382,3328,-1.5967
opengl,game_load,game_load.doax_menu_representative.cpu_only,9340,9366,0.2784,9495,9703,2.1906
opengl,game_load,game_load.doax_menu_representative.cpu_pfifo_gpu,25190,24794,-1.5721,26016,25190,-3.175
opengl,game_load,game_load.doax_menu_representative.cpu_pfifo_gpu_streaming,28088,27382,-2.5135,29020,28231,-2.7188
opengl,game_load,game_load.doax_menu_representative.full_system,28838,28316,-1.8101,33124,31737,-4.1873
opengl,game_load,game_load.doax_menu_representative.gpu_only,13846,13373,-3.4161,14216,14203,-0.0914
opengl,game_load,game_load.doax_menu_representative.pfifo_only,2027,1988,-1.924,2412,2057,-14.7181
opengl,game_load,game_load.doax_menu_representative.streaming_only,4817,4846,0.602,5341,5512,3.2016
opengl,game_load,game_load.doax_menu_stress.cpu_only,18646,18841,1.0458,19539,19203,-1.7196
opengl,game_load,game_load.doax_menu_stress.cpu_pfifo_gpu,49760,48906,-1.7162,49958,49545,-0.8267
opengl,game_load,game_load.doax_menu_stress.cpu_pfifo_gpu_streaming,55096,54554,-0.9837,56292,55478,-1.446
opengl,game_load,game_load.doax_menu_stress.full_system,56311,55249,-1.886,62620,61373,-1.9914
opengl,game_load,game_load.doax_menu_stress.gpu_only,27792,26380,-5.0806,28533,27550,-3.4451
opengl,game_load,game_load.doax_menu_stress.pfifo_only,3914,4038,3.1681,4301,4534,5.4173
opengl,game_load,game_load.doax_menu_stress.streaming_only,8428,8455,0.3204,8811,9209,4.5171
opengl,game_load,game_load.long_unlocked_scene.alpha_overdraw,27583,25959,-5.8877,28221,26357,-6.605
opengl,game_load,game_load.long_unlocked_scene.combined,55554,55027,-0.9486,56384,57756,2.4333
opengl,game_load,game_load.long_unlocked_scene.cpu,15668,15729,0.3893,16127,16297,1.0541
opengl,game_load,game_load.long_unlocked_scene.full_system,55714,54646,-1.9169,57464,55655,-3.1481
opengl,game_load,game_load.long_unlocked_scene.pfifo,3979,4102,3.0912,4129,4416,6.9508
opengl,game_load,game_load.long_unlocked_scene.streaming_surface_reuse,8541,8990,5.257,9166,10240,11.7172
opengl,game_load,game_load.pgr2_ai_backup.cpu_only,26013,25944,-0.2653,26412,26645,0.8822
opengl,game_load,game_load.pgr2_ai_backup.cpu_pfifo_gpu,111937,109600,-2.0878,113139,110449,-2.3776
opengl,game_load,game_load.pgr2_ai_backup.cpu_pfifo_gpu_streaming,114653,111655,-2.6148,116570,113079,-2.9948
opengl,game_load,game_load.pgr2_ai_backup.full_system,116499,113256,-2.7837,118322,115916,-2.0334
opengl,game_load,game_load.pgr2_ai_backup.gpu_only,71003,67639,-4.7378,71942,68796,-4.373
opengl,game_load,game_load.pgr2_ai_backup.pfifo_only,15784,15709,-0.4752,17092,15966,-6.5879
opengl,game_load,game_load.pgr2_ai_backup.streaming_only,3511,3334,-5.0413,4110,4054,-1.3625
opengl,game_load,game_load.repeated_display,16600,16660,0.3614,17045,16979,-0.3872
opengl,game_load,game_load.repeated_display_boosted,45908,47969,4.4894,50295,51231,1.861
opengl,game_load,game_load.s3tc_sync_factor.bc2_bordered_fallback,48582,49217,1.3071,50394,50826,0.8572
opengl,game_load,game_load.s3tc_sync_factor.bc2_native_eligible,16662,17429,4.6033,17175,23444,36.5007
opengl,game_load,game_load.s3tc_sync_factor.bc3_bordered_fallback,48911,49354,0.9057,51052,50828,-0.4388
opengl,game_load,game_load.s3tc_sync_factor.bc3_native_eligible,17263,17452,1.0948,20220,23334,15.4006
opengl,game_load,game_load.s3tc_sync_factor.dxt1_dirty_once_redraw,16168,16659,3.0369,21634,17178,-20.5972
opengl,game_load,game_load.s3tc_sync_factor.dxt1_ring_payload_generations,16417,16743,1.9857,16925,17316,2.3102
opengl,game_load,game_load.s3tc_sync_factor.dxt1_same_address_queued,17263,15680,-9.1699,21423,17096,-20.1979
opengl,game_load,game_load.s3tc_sync_factor.dxt1_same_address_wait,17127,17999,5.0914,21548,29075,34.9313
opengl,game_load,game_load.s3tc_sync_factor.rgba8_dirty_once_redraw,17208,16913,-1.7143,21127,18969,-10.2144
opengl,game_load,game_load.s3tc_sync_factor.rgba8_ring_payload_generations,49653,50122,0.9446,50501,51550,2.0772
opengl,game_load,game_load.s3tc_sync_factor.rgba8_same_address_queued,48828,48194,-1.2984,50303,50837,1.0616
opengl,game_load,game_load.s3tc_sync_factor.rgba8_same_address_wait,50569,51796,2.4264,54531,58103,6.5504
opengl,high_vertex_count,high_vertex_count.arrays,165,164,-0.6061,618,562,-9.0615
opengl,high_vertex_count,high_vertex_count.inline_arrays,29220,29269,0.1677,30439,30233,-0.6768
opengl,high_vertex_count,high_vertex_count.inline_buffers,181700,176241,-3.0044,183895,176480,-4.0322
opengl,high_vertex_count,high_vertex_count.inline_elements,2404,2400,-0.1664,2680,2780,3.7313
opengl,pfifo_array_elements,pfifo_array_elements.array_element16,1239,1259,1.6142,1386,1411,1.8038
opengl,pfifo_array_elements,pfifo_array_elements.array_element32,1369,1386,1.2418,1504,1903,26.5293
opengl,pfifo_array_elements,pfifo_array_elements.array_element_pgr2,1171,1110,-5.2092,1505,1238,-17.7409
opengl,pipeline_texture_switch,pipeline_texture_switch.clear_texture_normal,8236,7895,-4.1404,9190,8636,-6.0283
opengl,pipeline_texture_switch,pipeline_texture_switch.sampler_only_identity,18451,17151,-7.0457,18798,17568,-6.5432
opengl,pipeline_texture_switch,pipeline_texture_switch.shader_negative_control,15522,14834,-4.4324,16003,15517,-3.0369
opengl,pipeline_texture_switch,pipeline_texture_switch.texture_switch,15615,14837,-4.9824,16035,15243,-4.9392
opengl,primitive_type,primitive_type.line_loop.fixed_function,791,760,-3.9191,1639,1523,-7.0775
opengl,primitive_type,primitive_type.line_loop.vertex_shader,724,761,5.1105,1128,1189,5.4078
opengl,primitive_type,primitive_type.line_strip.fixed_function,742,719,-3.0997,1041,1084,4.1306
opengl,primitive_type,primitive_type.line_strip.vertex_shader,754,708,-6.1008,1110,963,-13.2432
opengl,primitive_type,primitive_type.lines.fixed_function,842,783,-7.0071,1441,1087,-24.5663
opengl,primitive_type,primitive_type.lines.vertex_shader,875,799,-8.6857,1452,1412,-2.7548
opengl,primitive_type,primitive_type.points.fixed_function,708,696,-1.6949,940,933,-0.7447
opengl,primitive_type,primitive_type.points.vertex_shader,715,703,-1.6783,1073,1095,2.0503
opengl,primitive_type,primitive_type.polygon.fixed_function,746,724,-2.9491,1193,1155,-3.1852
opengl,primitive_type,primitive_type.polygon.vertex_shader,714,729,2.1008,1072,1148,7.0896
opengl,primitive_type,primitive_type.quad_strip.fixed_function,815,805,-1.227,1286,1295,0.6998
opengl,primitive_type,primitive_type.quad_strip.vertex_shader,808,768,-4.9505,1173,1328,13.214
opengl,primitive_type,primitive_type.quads.fixed_function,1603,1565,-2.3706,2292,2103,-8.2461
opengl,primitive_type,primitive_type.quads.vertex_shader,1595,1591,-0.2508,1892,1950,3.0655
opengl,primitive_type,primitive_type.triangle_fan.fixed_function,708,748,5.6497,1094,1156,5.6673
opengl,primitive_type,primitive_type.triangle_fan.vertex_shader,751,709,-5.5925,1127,1020,-9.4942
opengl,primitive_type,primitive_type.triangle_strip.fixed_function,726,689,-5.0964,1032,1177,14.0504
opengl,primitive_type,primitive_type.triangle_strip.vertex_shader,746,706,-5.3619,1099,1029,-6.3694
opengl,primitive_type,primitive_type.triangles.fixed_function,1398,1325,-5.2217,1895,1730,-8.7071
opengl,primitive_type,primitive_type.triangles.vertex_shader,1349,1389,2.9652,2181,1886,-13.5259
opengl,report_query,report_query.clear_boundary,751,714,-4.9268,1318,1165,-11.6085
opengl,report_query,report_query.dma_target_switch,820,666,-18.7805,894,880,-1.566
opengl,report_query,report_query.fifo_producer_ordering,888,802,-9.6847,1231,880,-28.5134
opengl,report_query,report_query.multiple_boundaries,550,595,8.1818,810,786,-2.963
opengl,report_query,report_query.single_boundary,548,552,0.7299,784,805,2.6786
opengl,report_query,report_query.zero_query,149,166,11.4094,473,544,15.0106
opengl,surface,surface.basic,12518,12034,-3.8664,15262,15358,0.629
opengl,surface,surface.cpu_read_after_gpu_write,495,561,13.3333,641,776,21.0608
opengl,surface,surface.cpu_read_clean_surface,135,138,2.2222,375,420,12.0
opengl,surface,surface.framebuffer_working_set_002,1317,1272,-3.4169,1717,1670,-2.7373
opengl,surface,surface.framebuffer_working_set_008,1284,1260,-1.8692,1636,1707,4.3399
opengl,surface,surface.framebuffer_working_set_032,1304,1197,-8.2055,1697,1694,-0.1768
opengl,surface,surface.framebuffer_working_set_064,1433,1295,-9.6301,1962,1703,-13.2008
opengl,surface,surface.full_clear_elision_guard,1305,1344,2.9885,1967,2095,6.5074
opengl,surface,surface.overlapping_surface_churn_representative,2092,2129,1.7686,2837,2706,-4.6176
opengl,surface,surface.overlapping_surface_churn_stress,26874,27445,2.1247,31064,31348,0.9142
opengl,surface,surface.partial_channel_clear_guard,1329,1340,0.8277,2103,1977,-5.9914
opengl,surface,surface.surface_download_path,13715,14274,4.0758,14676,20121,37.1014
opengl,surface,surface.surface_list_lookup_002,1237,1335,7.9224,1600,1639,2.4375
opengl,surface,surface.surface_list_lookup_008,1321,1310,-0.8327,1905,1697,-10.9186
opengl,surface,surface.surface_list_lookup_032,1292,1292,0.0,1898,1708,-10.0105
opengl,surface,surface.surface_list_lookup_128,1199,1153,-3.8365,1461,1509,3.2854
opengl,surface,surface.vulkan_memory_pressure.representative.alias_resize,14752,14804,0.3525,17431,18893,8.3874
opengl,surface,surface.vulkan_memory_pressure.representative.growth,13896,13709,-1.3457,16869,16872,0.0178
opengl,surface,surface.vulkan_memory_pressure.representative.idle_retention,1075,731,-32.0,1878,816,-56.5495
opengl,surface,surface.vulkan_memory_pressure.representative.plateau,12770,13206,3.4143,12894,14043,8.9111
opengl,surface,surface.vulkan_memory_pressure.representative.reuse,15257,14211,-6.8559,18984,18480,-2.6549
opengl,surface,surface.vulkan_memory_pressure.stress.alias_resize,56343,57535,2.1156,67120,70115,4.4622
opengl,surface,surface.vulkan_memory_pressure.stress.growth,54217,54869,1.2026,66303,63906,-3.6152
opengl,surface,surface.vulkan_memory_pressure.stress.idle_retention,776,811,4.5103,897,857,-4.4593
opengl,surface,surface.vulkan_memory_pressure.stress.plateau,51144,50796,-0.6804,56215,54303,-3.4012
opengl,surface,surface.vulkan_memory_pressure.stress.reuse,57230,55609,-2.8324,70805,67970,-4.004
opengl,tiny_draw,tiny_draw.arrays.fixed_function,18500,17201,-7.0216,22809,18864,-17.2958
opengl,tiny_draw,tiny_draw.arrays.vertex_shader,17911,17070,-4.6954,18422,17460,-5.222
opengl,tiny_draw,tiny_draw.inline_arrays.fixed_function,65987,66429,0.6698,73771,71714,-2.7884
opengl,tiny_draw,tiny_draw.inline_arrays.vertex_shader,63473,64565,1.7204,65272,69180,5.9873
opengl,tiny_draw,tiny_draw.inline_buffers.fixed_function,70245,69020,-1.7439,72208,71673,-0.7409
opengl,tiny_draw,tiny_draw.inline_buffers.vertex_shader,67930,65619,-3.402,75574,67835,-10.2403
opengl,tiny_draw,tiny_draw.inline_elements.fixed_function,17738,17719,-0.1071,18086,18287,1.1114
opengl,tiny_draw,tiny_draw.inline_elements.vertex_shader,18211,17006,-6.6169,18992,17312,-8.8458
opengl,uniform_thrash,uniform_thrash.uniform_thrash,1833,1732,-5.5101,2812,2544,-9.5306
opengl,vertex_buffer_allocation,vertex_buffer_allocation.disjoint_same_page,19504,18503,-5.1323,19854,19044,-4.0798
opengl,vertex_buffer_allocation,vertex_buffer_allocation.mixed.arrays,22105,22368,1.1898,23856,23612,-1.0228
opengl,vertex_buffer_allocation,vertex_buffer_allocation.mixed.inline_arrays,93173,91326,-1.9823,99362,98187,-1.1825
opengl,vertex_buffer_allocation,vertex_buffer_allocation.mixed.inline_buffers,474422,462208,-2.5745,482083,469490,-2.6122
opengl,vertex_buffer_allocation,vertex_buffer_allocation.mixed.inline_elements,27015,26986,-0.1073,27596,27550,-0.1667
opengl,vertex_buffer_allocation,vertex_buffer_allocation.tiny.arrays,28209,27871,-1.1982,29485,29474,-0.0373
opengl,vertex_buffer_allocation,vertex_buffer_allocation.tiny.inline_arrays,70178,69861,-0.4517,73741,76509,3.7537
opengl,vertex_buffer_allocation,vertex_buffer_allocation.tiny.inline_buffers,92826,91308,-1.6353,96811,95142,-1.724
opengl,vertex_buffer_allocation,vertex_buffer_allocation.tiny.inline_elements,29067,28757,-1.0665,29789,29631,-0.5304
