leaf_id,revision,iterations,candidate_run1_us,candidate_run2_us,main_run1_us,main_run2_us,upstream_run1_us,upstream_run2_us,upstream_run1_outcome,upstream_run2_outcome,main_vs_upstream_status,main_vs_upstream_run1_speedup_pct,main_vs_upstream_run2_speedup_pct,main_vs_upstream_two_run_speedup_pct,candidate_vs_main_status,candidate_vs_main_run1_speedup_pct,candidate_vs_main_run2_speedup_pct,candidate_vs_main_two_run_speedup_pct
busy_pfifo.pfifo_saturation,1,10,99033,100750,105122,100687,67774,65593,PASS,PASS,comparable,-35.53,-34.85,-35.20,comparable,6.15,-0.06,3.02
busy_pfifo.pgraph_pattern_polling,1,1,4512834,4733409,4427825,4582678,8261209,8395558,PASS,PASS,comparable,86.57,83.20,84.86,comparable,-1.88,-3.18,-2.55
cpu_floating_point.sse_scalar,1,10,502606,506610,518075,521383,512472,510971,PASS,PASS,comparable,-1.08,-2.00,-1.54,comparable,3.08,2.92,3.00
cpu_floating_point.x87_scalar,1,10,777354,783949,780180,787358,755892,758102,PASS,PASS,comparable,-3.11,-3.72,-3.42,comparable,0.36,0.43,0.40
cpu_translation_blocks.direct_loop,1,10,9771,10052,9787,9851,10076,10093,PASS,PASS,comparable,2.95,2.46,2.70,comparable,0.16,-2.00,-0.93
cpu_translation_blocks.indirect_dispatch,1,10,39304,39696,39352,39362,25162,24877,PASS,PASS,comparable,-36.06,-36.80,-36.43,comparable,0.12,-0.84,-0.36
cpu_translation_blocks.indirect_dispatch_stress,1,10,788481,788724,786101,787302,497811,494841,PASS,PASS,comparable,-36.67,-37.15,-36.91,comparable,-0.30,-0.18,-0.24
fill_rate.solid,1,10,1820,1351,2324,1400,1674,1601,PASS,PASS,comparable,-27.97,14.36,-12.06,comparable,27.69,3.63,17.44
fill_rate.textured,1,10,1695,1266,2365,1276,1986,1858,PASS,PASS,comparable,-16.03,45.61,5.58,comparable,39.53,0.79,22.97
game_load.cross_title_hotpath.blend_constant_reuse,1,8,116757,116691,116136,116406,102941,100940,PASS,PASS,comparable,-11.36,-13.29,-12.33,comparable,-0.53,-0.24,-0.39
game_load.cross_title_hotpath.gpu_wait_control,1,8,1273,1259,1294,1253,2111,1896,PASS,PASS,comparable,63.14,51.32,57.32,comparable,1.65,-0.48,0.59
game_load.cross_title_hotpath.pgr2_lagspot_inline_elements,1,8,108261,104086,105336,104051,132705,133087,PASS,PASS,comparable,25.98,27.91,26.94,comparable,-2.70,-0.03,-1.39
game_load.cross_title_hotpath.pgr2_small_draws,1,8,115630,116623,115080,114861,107781,107623,PASS,PASS,comparable,-6.34,-6.30,-6.32,comparable,-0.48,-1.51,-1.00
game_load.cross_title_hotpath.pipeline_state_churn,1,8,67215,67086,67027,66948,50964,51597,PASS,PASS,comparable,-23.96,-22.93,-23.45,comparable,-0.28,-0.21,-0.24
game_load.cross_title_hotpath.queued_vertex_cpu_writes,1,8,67089,64891,66782,64883,62397,53893,PASS,PASS,comparable,-6.57,-16.94,-11.68,comparable,-0.46,-0.01,-0.24
game_load.cross_title_hotpath.s3tc_streaming_fenced_draws,1,8,1138040,1141690,1148507,1157278,7058658,6643692,PASS,PASS,comparable,514.59,474.08,494.26,comparable,0.92,1.37,1.14
game_load.cross_title_hotpath.scaled_surface_pressure,1,8,346697,344689,348297,343837,352345,398352,PASS,PASS,comparable,1.16,15.85,8.46,comparable,0.46,-0.25,0.11
game_load.cross_title_hotpath.surface_reuse,1,8,5976,5962,6481,5918,5711,5569,PASS,PASS,comparable,-11.88,-5.90,-9.02,comparable,8.45,-0.74,3.86
game_load.cross_title_hotpath.texture_binding_reuse,1,8,154786,154739,154190,154506,183075,183635,PASS,PASS,comparable,18.73,18.85,18.79,comparable,-0.39,-0.15,-0.27
game_load.cross_title_hotpath.texture_update_reuse,1,8,2774,2803,2920,2778,3517,3521,PASS,PASS,comparable,20.45,26.75,23.52,comparable,5.26,-0.89,2.17
game_load.doax_menu_representative.cpu_only,1,8,13413,13567,13460,13463,,,NOT_REACHED,NOT_REACHED,not_reached,,,,comparable,0.35,-0.77,-0.21
game_load.doax_menu_representative.cpu_pfifo_gpu,1,8,34766,35084,34102,34662,,,NOT_REACHED,NOT_REACHED,not_reached,,,,comparable,-1.91,-1.20,-1.55
game_load.doax_menu_representative.cpu_pfifo_gpu_streaming,1,8,38209,38701,37996,38083,,,NOT_REACHED,NOT_REACHED,not_reached,,,,comparable,-0.56,-1.60,-1.08
game_load.doax_menu_representative.full_system,1,8,39067,39911,38590,38943,,,NOT_REACHED,NOT_REACHED,not_reached,,,,comparable,-1.22,-2.43,-1.83
game_load.doax_menu_representative.gpu_only,1,8,18909,18957,18305,18554,,,NOT_REACHED,NOT_REACHED,not_reached,,,,comparable,-3.19,-2.13,-2.66
game_load.doax_menu_representative.pfifo_only,1,8,2507,2670,2562,2527,,,NOT_REACHED,NOT_REACHED,not_reached,,,,comparable,2.19,-5.36,-1.70
game_load.doax_menu_representative.streaming_only,1,8,5191,4758,5586,4816,,,NOT_REACHED,NOT_REACHED,not_reached,,,,comparable,7.61,1.22,4.55
game_load.doax_menu_stress.cpu_only,1,8,26857,26849,26834,26954,,,NOT_REACHED,NOT_REACHED,not_reached,,,,comparable,-0.09,0.39,0.15
game_load.doax_menu_stress.cpu_pfifo_gpu,1,8,68957,69200,68577,68628,,,NOT_REACHED,NOT_REACHED,not_reached,,,,comparable,-0.55,-0.83,-0.69
game_load.doax_menu_stress.cpu_pfifo_gpu_streaming,1,8,76395,76474,75041,75774,,,NOT_REACHED,NOT_REACHED,not_reached,,,,comparable,-1.77,-0.92,-1.34
game_load.doax_menu_stress.full_system,1,8,76770,77025,76146,76555,,,NOT_REACHED,NOT_REACHED,not_reached,,,,comparable,-0.81,-0.61,-0.71
game_load.doax_menu_stress.gpu_only,1,8,37469,37616,36388,36592,,,NOT_REACHED,NOT_REACHED,not_reached,,,,comparable,-2.89,-2.72,-2.80
game_load.doax_menu_stress.pfifo_only,1,8,4949,4954,4925,4851,,,NOT_REACHED,NOT_REACHED,not_reached,,,,comparable,-0.48,-2.08,-1.28
game_load.doax_menu_stress.streaming_only,1,8,9031,8963,9343,9370,,,NOT_REACHED,NOT_REACHED,not_reached,,,,comparable,3.45,4.54,4.00
game_load.long_unlocked_scene.alpha_overdraw,1,8,33934,33733,33106,33600,29689,29483,PASS,PASS,comparable,-10.32,-12.25,-11.29,comparable,-2.44,-0.39,-1.42
game_load.long_unlocked_scene.combined,1,8,71009,71339,70551,71340,59921,60630,PASS,PASS,comparable,-15.07,-15.01,-15.04,comparable,-0.64,0.00,-0.32
game_load.long_unlocked_scene.cpu,1,8,23905,23984,23811,23789,15988,16238,PASS,PASS,comparable,-32.85,-31.74,-32.30,comparable,-0.39,-0.81,-0.60
game_load.long_unlocked_scene.full_system,1,8,70942,71411,70837,71242,59635,59047,PASS,PASS,comparable,-15.81,-17.12,-16.47,comparable,-0.15,-0.24,-0.19
game_load.long_unlocked_scene.pfifo,1,8,5019,5121,4930,4957,6163,6209,PASS,PASS,comparable,25.01,25.26,25.13,comparable,-1.77,-3.20,-2.50
game_load.long_unlocked_scene.streaming_surface_reuse,1,8,8564,8858,9007,8856,8883,8611,PASS,PASS,comparable,-1.38,-2.77,-2.07,comparable,5.17,-0.02,2.53
game_load.pgr2_ai_backup.cpu_only,1,8,41633,41902,42233,42234,,,NOT_REACHED,NOT_REACHED,not_reached,,,,comparable,1.44,0.79,1.12
game_load.pgr2_ai_backup.cpu_pfifo_gpu,1,8,154251,155429,152012,153584,,,NOT_REACHED,NOT_REACHED,not_reached,,,,comparable,-1.45,-1.19,-1.32
game_load.pgr2_ai_backup.cpu_pfifo_gpu_streaming,1,8,157673,158556,156887,157591,,,NOT_REACHED,NOT_REACHED,not_reached,,,,comparable,-0.50,-0.61,-0.55
game_load.pgr2_ai_backup.full_system,1,8,159105,159261,156178,158694,,,NOT_REACHED,NOT_REACHED,not_reached,,,,comparable,-1.84,-0.36,-1.10
game_load.pgr2_ai_backup.gpu_only,1,8,97087,96820,94500,96202,,,NOT_REACHED,NOT_REACHED,not_reached,,,,comparable,-2.66,-0.64,-1.65
game_load.pgr2_ai_backup.pfifo_only,1,8,15727,16059,15674,15913,,,NOT_REACHED,NOT_REACHED,not_reached,,,,comparable,-0.34,-0.91,-0.63
game_load.pgr2_ai_backup.streaming_only,1,8,3168,3488,3549,3530,,,NOT_REACHED,NOT_REACHED,not_reached,,,,comparable,12.03,1.20,6.36
game_load.repeated_display,1,8,16619,16570,16583,16574,,,NOT_REACHED,NOT_REACHED,not_reached,,,,comparable,-0.22,0.02,-0.10
game_load.repeated_display_boosted,1,8,43814,49899,49870,49848,,,NOT_REACHED,NOT_REACHED,not_reached,,,,comparable,13.82,-0.10,6.41
game_load.s3tc_sync_factor.bc2_bordered_fallback,1,8,48499,48477,48680,48600,,,NOT_REACHED,NOT_REACHED,not_reached,,,,comparable,0.37,0.25,0.31
game_load.s3tc_sync_factor.bc2_native_eligible,1,8,16817,16914,16857,16842,16519,17126,PASS,PASS,hash_mismatch,,,,comparable,0.24,-0.43,-0.09
game_load.s3tc_sync_factor.bc3_bordered_fallback,1,8,48546,48411,48589,48558,,,NOT_REACHED,NOT_REACHED,not_reached,,,,comparable,0.09,0.30,0.20
game_load.s3tc_sync_factor.bc3_native_eligible,1,8,16775,16807,16653,16669,,,NOT_REACHED,NOT_REACHED,not_reached,,,,comparable,-0.73,-0.82,-0.77
game_load.s3tc_sync_factor.dxt1_dirty_once_redraw,1,8,15652,15755,15720,15544,15770,16029,PASS,PASS,comparable,0.32,3.12,1.71,comparable,0.43,-1.34,-0.46
game_load.s3tc_sync_factor.dxt1_ring_payload_generations,1,8,15701,15932,15874,15712,16028,16076,PASS,PASS,hash_mismatch,,,,comparable,1.10,-1.38,-0.15
game_load.s3tc_sync_factor.dxt1_same_address_queued,1,8,17226,15209,17219,17201,15982,16491,PASS,PASS,hash_mismatch,,,,hash_mismatch,,,
game_load.s3tc_sync_factor.dxt1_same_address_wait,1,8,17246,17261,17288,17249,26053,24697,FAIL,FAIL,functional_failure,,,,comparable,0.24,-0.07,0.09
game_load.s3tc_sync_factor.rgba8_dirty_once_redraw,1,8,16358,16384,16250,16408,16201,16133,PASS,PASS,comparable,-0.30,-1.68,-0.99,comparable,-0.66,0.15,-0.26
game_load.s3tc_sync_factor.rgba8_ring_payload_generations,1,8,49318,49270,49105,49314,49413,49577,PASS,PASS,comparable,0.63,0.53,0.58,comparable,-0.43,0.09,-0.17
game_load.s3tc_sync_factor.rgba8_same_address_queued,1,8,48907,49089,48905,49073,49967,50349,PASS,PASS,hash_mismatch,,,,hash_mismatch,,,
game_load.s3tc_sync_factor.rgba8_same_address_wait,1,8,49732,49754,49853,49773,51149,63955,FAIL,FAIL,functional_failure,,,,comparable,0.24,0.04,0.14
high_vertex_count.arrays,1,100,134,78,167,80,,,NOT_REACHED,NOT_REACHED,not_reached,,,,comparable,24.63,2.56,16.51
high_vertex_count.inline_arrays,1,10,49078,48894,48887,49448,,,NOT_REACHED,NOT_REACHED,not_reached,,,,comparable,-0.39,1.13,0.37
high_vertex_count.inline_buffers,1,5,238639,239969,233298,238257,,,NOT_REACHED,NOT_REACHED,not_reached,,,,comparable,-2.24,-0.71,-1.47
high_vertex_count.inline_elements,1,50,3988,4006,3973,3993,,,NOT_REACHED,NOT_REACHED,not_reached,,,,comparable,-0.38,-0.32,-0.35
pfifo_array_elements.array_element16,1,8,581,575,557,574,,,NOT_REACHED,NOT_REACHED,not_reached,,,,comparable,-4.13,-0.17,-2.16
pfifo_array_elements.array_element32,1,8,983,999,992,999,,,NOT_REACHED,NOT_REACHED,not_reached,,,,comparable,0.92,0.00,0.45
pfifo_array_elements.array_element_pgr2,1,8,777,551,1503,560,,,NOT_REACHED,NOT_REACHED,not_reached,,,,comparable,93.44,1.63,55.35
pfifo_packet_boundary.array_element16_overflow,1,1,16869,16786,17393,16718,,,NOT_REACHED,NOT_REACHED,not_reached,,,,comparable,3.11,-0.41,1.35
pfifo_packet_boundary.array_element32_overflow,1,1,32320,32317,32254,32606,,,NOT_REACHED,NOT_REACHED,not_reached,,,,comparable,-0.20,0.89,0.35
pfifo_packet_boundary.incrementing_inline_fallback,1,1,106,171,133,111,,,NOT_REACHED,NOT_REACHED,not_reached,,,,comparable,25.47,-35.09,-11.91
pfifo_packet_boundary.inline_array_overflow,1,1,32496,32376,32607,32891,,,NOT_REACHED,NOT_REACHED,not_reached,,,,comparable,0.34,1.59,0.96
pipeline_texture_switch.clear_texture_normal,1,8,9856,9936,9981,10014,,,NOT_REACHED,NOT_REACHED,not_reached,,,,comparable,1.27,0.79,1.03
pipeline_texture_switch.palette_only_update,1,1,21351,20160,21367,20091,,,NOT_REACHED,NOT_REACHED,not_reached,,,,comparable,0.07,-0.34,-0.13
pipeline_texture_switch.sampler_only_identity,1,8,23532,23688,23269,23969,,,NOT_REACHED,NOT_REACHED,not_reached,,,,comparable,-1.12,1.19,0.04
pipeline_texture_switch.shader_negative_control,1,8,19350,19425,18526,19417,,,NOT_REACHED,NOT_REACHED,not_reached,,,,comparable,-4.26,-0.04,-2.15
pipeline_texture_switch.shared_page_overlap,1,1,20134,20195,19929,20356,,,NOT_REACHED,NOT_REACHED,not_reached,,,,comparable,-1.02,0.80,-0.11
pipeline_texture_switch.texture_switch,1,8,19307,19662,19050,19617,,,NOT_REACHED,NOT_REACHED,not_reached,,,,comparable,-1.33,-0.23,-0.77
primitive_type.line_loop.fixed_function,1,10,817,670,702,674,,,NOT_REACHED,NOT_REACHED,not_reached,,,,comparable,-14.08,0.60,-7.46
primitive_type.line_loop.vertex_shader,1,10,631,634,619,642,,,NOT_REACHED,NOT_REACHED,not_reached,,,,comparable,-1.90,1.26,-0.32
primitive_type.line_strip.fixed_function,1,10,651,663,629,654,,,NOT_REACHED,NOT_REACHED,not_reached,,,,comparable,-3.38,-1.36,-2.36
primitive_type.line_strip.vertex_shader,1,10,653,629,605,642,,,NOT_REACHED,NOT_REACHED,not_reached,,,,comparable,-7.35,2.07,-2.73
primitive_type.lines.fixed_function,1,10,1191,1201,1221,1199,,,NOT_REACHED,NOT_REACHED,not_reached,,,,comparable,2.52,-0.17,1.17
primitive_type.lines.vertex_shader,1,10,1179,1183,1208,1202,,,NOT_REACHED,NOT_REACHED,not_reached,,,,comparable,2.46,1.61,2.03
primitive_type.points.fixed_function,1,10,1152,657,1548,658,,,NOT_REACHED,NOT_REACHED,not_reached,,,,comparable,34.38,0.15,21.95
primitive_type.points.vertex_shader,1,10,1195,682,1458,658,,,NOT_REACHED,NOT_REACHED,not_reached,,,,comparable,22.01,-3.52,12.73
primitive_type.polygon.fixed_function,1,10,649,644,670,663,,,NOT_REACHED,NOT_REACHED,not_reached,,,,comparable,3.24,2.95,3.09
primitive_type.polygon.vertex_shader,1,10,628,629,621,630,,,NOT_REACHED,NOT_REACHED,not_reached,,,,comparable,-1.11,0.16,-0.48
primitive_type.quad_strip.fixed_function,1,10,1542,1217,2194,1260,,,NOT_REACHED,NOT_REACHED,not_reached,,,,comparable,42.28,3.53,25.19
primitive_type.quad_strip.vertex_shader,1,10,1373,1181,1979,1200,,,NOT_REACHED,NOT_REACHED,not_reached,,,,comparable,44.14,1.61,24.47
primitive_type.quads.fixed_function,1,10,2269,2332,2279,2353,,,NOT_REACHED,NOT_REACHED,not_reached,,,,comparable,0.44,0.90,0.67
primitive_type.quads.vertex_shader,1,10,2291,2304,2304,2335,,,NOT_REACHED,NOT_REACHED,not_reached,,,,comparable,0.57,1.35,0.96
primitive_type.triangle_fan.fixed_function,1,10,646,645,622,660,,,NOT_REACHED,NOT_REACHED,not_reached,,,,comparable,-3.72,2.33,-0.70
primitive_type.triangle_fan.vertex_shader,1,10,613,639,612,636,,,NOT_REACHED,NOT_REACHED,not_reached,,,,comparable,-0.16,-0.47,-0.32
primitive_type.triangle_strip.fixed_function,1,10,619,629,611,624,,,NOT_REACHED,NOT_REACHED,not_reached,,,,comparable,-1.29,-0.79,-1.04
primitive_type.triangle_strip.vertex_shader,1,10,621,624,614,629,,,NOT_REACHED,NOT_REACHED,not_reached,,,,comparable,-1.13,0.80,-0.16
primitive_type.triangles.fixed_function,1,10,1744,1754,1741,1780,,,NOT_REACHED,NOT_REACHED,not_reached,,,,comparable,-0.17,1.48,0.66
primitive_type.triangles.vertex_shader,1,10,1735,1745,1752,1771,,,NOT_REACHED,NOT_REACHED,not_reached,,,,comparable,0.98,1.49,1.24
report_query.clear_boundary,2,4,1342,1391,1216,1636,,,NOT_REACHED,NOT_REACHED,not_reached,,,,comparable,-9.39,17.61,4.35
report_query.dma_descriptor_rewrite,2,1,5139,3405,3522,3698,,,NOT_REACHED,NOT_REACHED,not_reached,,,,comparable,-31.47,8.60,-15.50
report_query.dma_range_guard,2,1,2204,1965,2271,2441,,,NOT_REACHED,NOT_REACHED,not_reached,,,,comparable,3.04,24.22,13.02
report_query.dma_target_switch,2,4,1604,1418,1736,1839,,,NOT_REACHED,NOT_REACHED,not_reached,,,,comparable,8.23,29.69,18.30
report_query.fifo_producer_ordering,2,4,1784,1706,1867,1974,,,NOT_REACHED,NOT_REACHED,not_reached,,,,comparable,4.65,15.71,10.06
report_query.multiple_boundaries,2,4,1067,1248,1029,1206,,,NOT_REACHED,NOT_REACHED,not_reached,,,,comparable,-3.56,-3.37,-3.46
report_query.single_boundary,2,4,1179,1270,1314,1227,,,NOT_REACHED,NOT_REACHED,not_reached,,,,comparable,11.45,-3.39,3.76
report_query.zero_query,2,4,966,1045,1056,1013,,,NOT_REACHED,NOT_REACHED,not_reached,,,,comparable,9.32,-3.06,2.88
surface.basic,1,10,17474,14953,18770,14780,,,NOT_REACHED,NOT_REACHED,not_reached,,,,comparable,7.42,-1.16,3.46
surface.cpu_read_after_gpu_write,1,20,1398,1211,1345,1342,,,NOT_REACHED,NOT_REACHED,not_reached,,,,comparable,-3.79,10.82,2.99
surface.cpu_read_clean_surface,1,100,59,59,60,61,,,NOT_REACHED,NOT_REACHED,not_reached,,,,comparable,1.69,3.39,2.54
surface.framebuffer_working_set_002,1,20,1361,1427,1448,1350,,,NOT_REACHED,NOT_REACHED,not_reached,,,,comparable,6.39,-5.40,0.36
surface.framebuffer_working_set_008,1,20,1395,1421,1277,1313,,,NOT_REACHED,NOT_REACHED,not_reached,,,,comparable,-8.46,-7.60,-8.03
surface.framebuffer_working_set_032,1,20,1359,1394,1362,1389,,,NOT_REACHED,NOT_REACHED,not_reached,,,,comparable,0.22,-0.36,-0.07
surface.framebuffer_working_set_064,1,20,1446,1462,1424,1390,,,NOT_REACHED,NOT_REACHED,not_reached,,,,comparable,-1.52,-4.92,-3.23
surface.full_clear_elision_guard,1,100,2016,2023,1921,1777,,,NOT_REACHED,NOT_REACHED,not_reached,,,,comparable,-4.71,-12.16,-8.44
surface.overlapping_surface_churn_representative,1,100,2053,2081,2073,2129,,,NOT_REACHED,NOT_REACHED,not_reached,,,,comparable,0.97,2.31,1.64
surface.overlapping_surface_churn_stress,1,10,25616,26081,25788,25968,,,NOT_REACHED,NOT_REACHED,not_reached,,,,comparable,0.67,-0.43,0.11
surface.partial_channel_clear_guard,1,100,1437,1433,1436,1443,,,NOT_REACHED,NOT_REACHED,not_reached,,,,comparable,-0.07,0.70,0.31
surface.surface_download_path,1,10,17366,17173,18135,17034,,,NOT_REACHED,NOT_REACHED,not_reached,,,,comparable,4.43,-0.81,1.82
surface.surface_list_lookup_002,1,20,1203,1184,1257,1199,,,NOT_REACHED,NOT_REACHED,not_reached,,,,comparable,4.49,1.27,2.89
surface.surface_list_lookup_008,1,20,1199,1196,1224,1162,,,NOT_REACHED,NOT_REACHED,not_reached,,,,comparable,2.09,-2.84,-0.38
surface.surface_list_lookup_032,1,20,1218,1215,1225,1226,,,NOT_REACHED,NOT_REACHED,not_reached,,,,comparable,0.57,0.91,0.74
surface.surface_list_lookup_128,1,20,1240,1289,1283,1365,,,NOT_REACHED,NOT_REACHED,not_reached,,,,comparable,3.47,5.90,4.71
surface.vulkan_memory_pressure.representative.alias_resize,1,4,16740,16657,16928,16809,,,NOT_REACHED,NOT_REACHED,not_reached,,,,comparable,1.12,0.91,1.02
surface.vulkan_memory_pressure.representative.growth,1,4,17978,17352,17818,17481,,,NOT_REACHED,NOT_REACHED,not_reached,,,,comparable,-0.89,0.74,-0.09
surface.vulkan_memory_pressure.representative.idle_retention,1,4,714,726,699,735,,,NOT_REACHED,NOT_REACHED,not_reached,,,,comparable,-2.10,1.24,-0.42
surface.vulkan_memory_pressure.representative.plateau,1,4,14862,15099,14908,15817,,,NOT_REACHED,NOT_REACHED,not_reached,,,,comparable,0.31,4.76,2.55
surface.vulkan_memory_pressure.representative.reuse,1,4,16486,16190,16135,16560,,,NOT_REACHED,NOT_REACHED,not_reached,,,,comparable,-2.13,2.29,0.06
surface.vulkan_memory_pressure.stress.alias_resize,1,4,71823,71089,71169,70062,,,NOT_REACHED,NOT_REACHED,not_reached,,,,comparable,-0.91,-1.44,-1.18
surface.vulkan_memory_pressure.stress.growth,1,4,67561,67871,68632,67430,,,NOT_REACHED,NOT_REACHED,not_reached,,,,comparable,1.59,-0.65,0.47
surface.vulkan_memory_pressure.stress.idle_retention,1,4,809,799,812,903,,,NOT_REACHED,NOT_REACHED,not_reached,,,,comparable,0.37,13.02,6.65
surface.vulkan_memory_pressure.stress.plateau,1,4,60006,59903,60346,60357,,,NOT_REACHED,NOT_REACHED,not_reached,,,,comparable,0.57,0.76,0.66
surface.vulkan_memory_pressure.stress.reuse,1,4,70316,70071,70482,70514,,,NOT_REACHED,NOT_REACHED,not_reached,,,,comparable,0.24,0.63,0.43
texture_cubemap_fallback.unbordered_subblock_dxt1,1,8,16630,16629,16645,16630,,,NOT_REACHED,NOT_REACHED,not_reached,,,,comparable,0.09,0.01,0.05
tiny_draw.arrays.fixed_function,1,10,24426,24456,23766,24159,,,NOT_REACHED,NOT_REACHED,not_reached,,,,comparable,-2.70,-1.21,-1.96
tiny_draw.arrays.vertex_shader,1,10,24493,24417,23723,24229,,,NOT_REACHED,NOT_REACHED,not_reached,,,,comparable,-3.14,-0.77,-1.96
tiny_draw.inline_arrays.fixed_function,1,10,29398,29206,28469,29109,,,NOT_REACHED,NOT_REACHED,not_reached,,,,comparable,-3.16,-0.33,-1.75
tiny_draw.inline_arrays.vertex_shader,1,10,29311,29294,28634,28849,,,NOT_REACHED,NOT_REACHED,not_reached,,,,comparable,-2.31,-1.52,-1.91
tiny_draw.inline_buffers.fixed_function,1,10,20426,20369,19898,20204,,,NOT_REACHED,NOT_REACHED,not_reached,,,,comparable,-2.58,-0.81,-1.70
tiny_draw.inline_buffers.vertex_shader,1,10,20404,20248,19966,20247,,,NOT_REACHED,NOT_REACHED,not_reached,,,,comparable,-2.15,-0.00,-1.08
tiny_draw.inline_elements.fixed_function,1,10,24546,24280,23786,24089,,,NOT_REACHED,NOT_REACHED,not_reached,,,,comparable,-3.10,-0.79,-1.95
tiny_draw.inline_elements.vertex_shader,1,10,24356,24345,23948,24138,,,NOT_REACHED,NOT_REACHED,not_reached,,,,comparable,-1.68,-0.85,-1.26
uniform_thrash.uniform_thrash,1,10,1956,1327,2103,1299,,,NOT_REACHED,NOT_REACHED,not_reached,,,,comparable,7.52,-2.11,3.62
vertex_buffer_allocation.disjoint_same_page,1,10,35109,35055,35143,34783,,,NOT_REACHED,NOT_REACHED,not_reached,,,,comparable,0.10,-0.78,-0.34
vertex_buffer_allocation.mixed.arrays,1,10,23494,23693,23136,24370,,,NOT_REACHED,NOT_REACHED,not_reached,,,,comparable,-1.52,2.86,0.68
vertex_buffer_allocation.mixed.inline_arrays,1,10,137555,137418,137628,138041,,,NOT_REACHED,NOT_REACHED,not_reached,,,,comparable,0.05,0.45,0.25
vertex_buffer_allocation.mixed.inline_buffers,1,10,602421,608128,593649,604891,,,NOT_REACHED,NOT_REACHED,not_reached,,,,comparable,-1.46,-0.53,-0.99
vertex_buffer_allocation.mixed.inline_elements,1,10,32443,32825,32534,32618,,,NOT_REACHED,NOT_REACHED,not_reached,,,,comparable,0.28,-0.63,-0.18
vertex_buffer_allocation.rising_transient_growth,1,1,656161,662659,657203,671405,,,NOT_REACHED,NOT_REACHED,not_reached,,,,comparable,0.16,1.32,0.74
vertex_buffer_allocation.tiny.arrays,1,10,38538,38939,38916,38624,,,NOT_REACHED,NOT_REACHED,not_reached,,,,comparable,0.98,-0.81,0.08
vertex_buffer_allocation.tiny.inline_arrays,1,10,39830,39988,41694,41809,,,NOT_REACHED,NOT_REACHED,not_reached,,,,comparable,4.68,4.55,4.62
vertex_buffer_allocation.tiny.inline_buffers,1,10,36895,36613,36588,37055,,,NOT_REACHED,NOT_REACHED,not_reached,,,,comparable,-0.83,1.21,0.18
vertex_buffer_allocation.tiny.inline_elements,1,10,37477,37539,37324,37431,,,NOT_REACHED,NOT_REACHED,not_reached,,,,comparable,-0.41,-0.29,-0.35
