cell,timestamp_us_since_window_start
baseline-vulkan,34360
baseline-vulkan,72958
baseline-vulkan,114941
baseline-vulkan,155624
baseline-vulkan,191716
baseline-vulkan,230410
baseline-vulkan,272009
baseline-vulkan,311094
baseline-vulkan,349232
baseline-vulkan,386782
baseline-vulkan,422086
baseline-vulkan,456466
baseline-vulkan,494055
baseline-vulkan,532560
baseline-vulkan,569532
baseline-vulkan,603818
baseline-vulkan,636522
baseline-vulkan,671139
baseline-vulkan,703121
baseline-vulkan,736660
baseline-vulkan,768913
baseline-vulkan,803502
baseline-vulkan,836455
baseline-vulkan,870894
baseline-vulkan,902962
baseline-vulkan,937099
baseline-vulkan,970196
baseline-vulkan,1016851
baseline-vulkan,1056181
baseline-vulkan,1087902
baseline-vulkan,1120998
baseline-vulkan,1153117
baseline-vulkan,1229273
baseline-vulkan,1265875
baseline-vulkan,1305666
baseline-vulkan,1337547
baseline-vulkan,1369137
baseline-vulkan,1407285
baseline-vulkan,1438602
baseline-vulkan,1470058
baseline-vulkan,1503862
baseline-vulkan,1537616
baseline-vulkan,1570343
baseline-vulkan,1604196
baseline-vulkan,1636521
baseline-vulkan,1670831
baseline-vulkan,1703120
baseline-vulkan,1737212
baseline-vulkan,1769800
baseline-vulkan,1803379
baseline-vulkan,1848137
baseline-vulkan,1884842
baseline-vulkan,1919571
baseline-vulkan,1958048
baseline-vulkan,1993672
baseline-vulkan,2027632
baseline-vulkan,2064209
baseline-vulkan,2099889
baseline-vulkan,2139023
baseline-vulkan,2174342
baseline-vulkan,2211446
baseline-vulkan,2250994
baseline-vulkan,2298990
baseline-vulkan,2339877
baseline-vulkan,2377641
baseline-vulkan,2416732
baseline-vulkan,2457696
baseline-vulkan,2492314
baseline-vulkan,2533256
baseline-vulkan,2577905
baseline-vulkan,2619032
baseline-vulkan,2664196
baseline-vulkan,2704297
baseline-vulkan,2737748
baseline-vulkan,2769665
baseline-vulkan,2803684
baseline-vulkan,2836522
baseline-vulkan,2883415
baseline-vulkan,2920043
baseline-vulkan,2953137
baseline-vulkan,2986848
baseline-vulkan,3020928
baseline-vulkan,3054099
baseline-vulkan,3086793
baseline-vulkan,3121111
baseline-vulkan,3153881
baseline-vulkan,3193964
baseline-vulkan,3228068
baseline-vulkan,3262896
baseline-vulkan,3300867
baseline-vulkan,3337906
baseline-vulkan,3370286
baseline-vulkan,3403545
baseline-vulkan,3437646
baseline-vulkan,3469758
baseline-vulkan,3504338
baseline-vulkan,3537742
baseline-vulkan,3571102
baseline-vulkan,3607981
baseline-vulkan,3638677
baseline-vulkan,3670765
baseline-vulkan,3704340
baseline-vulkan,3735933
baseline-vulkan,3770836
baseline-vulkan,3809067
baseline-vulkan,3843353
baseline-vulkan,3880299
baseline-vulkan,3915081
baseline-vulkan,3951785
baseline-vulkan,3989498
baseline-vulkan,4022530
baseline-vulkan,4054304
baseline-vulkan,4087723
baseline-vulkan,4134863
baseline-vulkan,4169771
baseline-vulkan,4203145
baseline-vulkan,4237239
baseline-vulkan,4269850
baseline-vulkan,4303321
baseline-vulkan,4337718
baseline-vulkan,4371220
baseline-vulkan,4403080
baseline-vulkan,4441179
baseline-vulkan,4475695
baseline-vulkan,4510127
baseline-vulkan,4551671
baseline-vulkan,4594406
baseline-vulkan,4638909
baseline-vulkan,4673003
baseline-vulkan,4713098
baseline-vulkan,4755832
baseline-vulkan,4789756
baseline-vulkan,4825339
baseline-vulkan,4866985
baseline-vulkan,4906738
baseline-vulkan,4941357
baseline-vulkan,4980464
baseline-vulkan,5021124
baseline-vulkan,5065738
baseline-vulkan,5105566
baseline-vulkan,5140331
baseline-vulkan,5174929
baseline-vulkan,5217190
baseline-vulkan,5257036
baseline-vulkan,5292082
baseline-vulkan,5335187
baseline-vulkan,5377169
baseline-vulkan,5418749
baseline-vulkan,5457957
baseline-vulkan,5496836
baseline-vulkan,5532680
baseline-vulkan,5568118
baseline-vulkan,5606060
baseline-vulkan,5637658
baseline-vulkan,5684307
baseline-vulkan,5721898
baseline-vulkan,5755505
baseline-vulkan,5786607
baseline-vulkan,5820480
baseline-vulkan,5852940
baseline-vulkan,5886927
baseline-vulkan,5920793
baseline-vulkan,5953365
baseline-vulkan,5994566
baseline-vulkan,6029859
baseline-vulkan,6064267
baseline-vulkan,6102001
baseline-vulkan,6138640
baseline-vulkan,6170237
baseline-vulkan,6205060
baseline-vulkan,6237609
baseline-vulkan,6269775
baseline-vulkan,6303243
baseline-vulkan,6336866
baseline-vulkan,6369960
baseline-vulkan,6403361
baseline-vulkan,6437344
baseline-vulkan,6470435
baseline-vulkan,6503396
baseline-vulkan,6536688
baseline-vulkan,6574688
baseline-vulkan,6607141
baseline-vulkan,6641250
baseline-vulkan,6670860
baseline-vulkan,6703148
baseline-vulkan,6736775
baseline-vulkan,6769951
baseline-vulkan,6802917
baseline-vulkan,6837456
baseline-vulkan,6870842
baseline-vulkan,6904448
baseline-vulkan,6936359
baseline-vulkan,6970938
baseline-vulkan,7005287
baseline-vulkan,7038856
baseline-vulkan,7071145
baseline-vulkan,7104050
baseline-vulkan,7137605
baseline-vulkan,7170672
baseline-vulkan,7203261
baseline-vulkan,7239782
baseline-vulkan,7270877
baseline-vulkan,7304393
baseline-vulkan,7341523
baseline-vulkan,7380671
baseline-vulkan,7422472
baseline-vulkan,7458776
baseline-vulkan,7499366
baseline-vulkan,7551977
baseline-vulkan,7595596
baseline-vulkan,7635694
baseline-vulkan,7678059
baseline-vulkan,7723755
baseline-vulkan,7767152
baseline-vulkan,7808868
baseline-vulkan,7849001
baseline-vulkan,7890628
baseline-vulkan,7929022
baseline-vulkan,7965692
baseline-vulkan,8001945
baseline-vulkan,8035942
baseline-vulkan,8071563
baseline-vulkan,8103642
baseline-vulkan,8136667
baseline-vulkan,8171748
baseline-vulkan,8206670
baseline-vulkan,8238880
baseline-vulkan,8269973
baseline-vulkan,8303389
baseline-vulkan,8337947
baseline-vulkan,8371034
baseline-vulkan,8404017
baseline-vulkan,8448998
baseline-vulkan,8485512
baseline-vulkan,8519717
baseline-vulkan,8556336
baseline-vulkan,8589423
baseline-vulkan,8625534
baseline-vulkan,8660051
baseline-vulkan,8695095
baseline-vulkan,8732015
baseline-vulkan,8768094
baseline-vulkan,8803056
baseline-vulkan,8839495
baseline-vulkan,8871934
baseline-vulkan,8905611
baseline-vulkan,8937673
baseline-vulkan,8970740
baseline-vulkan,9004407
baseline-vulkan,9037525
baseline-vulkan,9069699
baseline-vulkan,9103755
baseline-vulkan,9136956
baseline-vulkan,9171311
baseline-vulkan,9203032
baseline-vulkan,9237465
baseline-vulkan,9270079
baseline-vulkan,9304159
baseline-vulkan,9336810
baseline-vulkan,9382764
baseline-vulkan,9419733
baseline-vulkan,9453786
baseline-vulkan,9488123
baseline-vulkan,9519696
baseline-vulkan,9554099
baseline-vulkan,9586786
baseline-vulkan,9619697
baseline-vulkan,9653271
baseline-vulkan,9694078
baseline-vulkan,9733672
baseline-vulkan,9774060
baseline-vulkan,9808303
baseline-vulkan,9848233
baseline-vulkan,9889949
baseline-vulkan,9927545
baseline-vulkan,9967441
candidate-vulkan,23478
candidate-vulkan,63058
candidate-vulkan,104998
candidate-vulkan,146650
candidate-vulkan,190184
candidate-vulkan,229800
candidate-vulkan,274204
candidate-vulkan,315330
candidate-vulkan,356946
candidate-vulkan,395353
candidate-vulkan,436558
candidate-vulkan,476982
candidate-vulkan,515574
candidate-vulkan,553663
candidate-vulkan,599468
candidate-vulkan,647496
candidate-vulkan,687707
candidate-vulkan,729715
candidate-vulkan,771843
candidate-vulkan,808429
candidate-vulkan,844487
candidate-vulkan,880186
candidate-vulkan,916201
candidate-vulkan,951479
candidate-vulkan,988782
candidate-vulkan,1026685
candidate-vulkan,1061520
candidate-vulkan,1097616
candidate-vulkan,1132258
candidate-vulkan,1166358
candidate-vulkan,1203451
candidate-vulkan,1249599
candidate-vulkan,1283680
candidate-vulkan,1319265
candidate-vulkan,1355843
candidate-vulkan,1392155
candidate-vulkan,1428733
candidate-vulkan,1463526
candidate-vulkan,1500888
candidate-vulkan,1535549
candidate-vulkan,1574669
candidate-vulkan,1608782
candidate-vulkan,1651877
candidate-vulkan,1693329
candidate-vulkan,1728422
candidate-vulkan,1804636
candidate-vulkan,1842869
candidate-vulkan,1877975
candidate-vulkan,1912779
candidate-vulkan,1953207
candidate-vulkan,1989810
candidate-vulkan,2026679
candidate-vulkan,2064107
candidate-vulkan,2099732
candidate-vulkan,2136971
candidate-vulkan,2175579
candidate-vulkan,2210182
candidate-vulkan,2243494
candidate-vulkan,2279598
candidate-vulkan,2313109
candidate-vulkan,2351062
candidate-vulkan,2383853
candidate-vulkan,2419636
candidate-vulkan,2454211
candidate-vulkan,2494949
candidate-vulkan,2529946
candidate-vulkan,2567549
candidate-vulkan,2605642
candidate-vulkan,2648668
candidate-vulkan,2688535
candidate-vulkan,2732211
candidate-vulkan,2777838
candidate-vulkan,2816448
candidate-vulkan,2862155
candidate-vulkan,2901520
candidate-vulkan,2939899
candidate-vulkan,2979187
candidate-vulkan,3017289
candidate-vulkan,3056042
candidate-vulkan,3106771
candidate-vulkan,3146727
candidate-vulkan,3184546
candidate-vulkan,3224082
candidate-vulkan,3262176
candidate-vulkan,3300534
candidate-vulkan,3336978
candidate-vulkan,3377624
candidate-vulkan,3413050
candidate-vulkan,3447649
candidate-vulkan,3481846
candidate-vulkan,3523478
candidate-vulkan,3558710
candidate-vulkan,3594183
candidate-vulkan,3628371
candidate-vulkan,3666470
candidate-vulkan,3700778
candidate-vulkan,3737585
candidate-vulkan,3774197
candidate-vulkan,3808824
candidate-vulkan,3842424
candidate-vulkan,3877186
candidate-vulkan,3910772
candidate-vulkan,3946386
candidate-vulkan,3980705
candidate-vulkan,4025477
candidate-vulkan,4059056
candidate-vulkan,4093392
candidate-vulkan,4127965
candidate-vulkan,4162049
candidate-vulkan,4196532
candidate-vulkan,4234131
candidate-vulkan,4266208
candidate-vulkan,4298742
candidate-vulkan,4341187
candidate-vulkan,4375742
candidate-vulkan,4410514
candidate-vulkan,4449661
candidate-vulkan,4480741
candidate-vulkan,4516701
candidate-vulkan,4548774
candidate-vulkan,4584081
candidate-vulkan,4617078
candidate-vulkan,4652117
candidate-vulkan,4690217
candidate-vulkan,4726820
candidate-vulkan,4760963
candidate-vulkan,4796407
candidate-vulkan,4831811
candidate-vulkan,4869597
candidate-vulkan,4906230
candidate-vulkan,4954863
candidate-vulkan,4992559
candidate-vulkan,5026875
candidate-vulkan,5060451
candidate-vulkan,5095513
candidate-vulkan,5128593
candidate-vulkan,5163170
candidate-vulkan,5200397
candidate-vulkan,5239608
candidate-vulkan,5283762
candidate-vulkan,5322479
candidate-vulkan,5362317
candidate-vulkan,5403756
candidate-vulkan,5444853
candidate-vulkan,5487285
candidate-vulkan,5529899
candidate-vulkan,5571843
candidate-vulkan,5608570
candidate-vulkan,5642796
candidate-vulkan,5677753
candidate-vulkan,5717548
candidate-vulkan,5752645
candidate-vulkan,5788596
candidate-vulkan,5824690
candidate-vulkan,5871666
candidate-vulkan,5907990
candidate-vulkan,5943834
candidate-vulkan,5977241
candidate-vulkan,6011322
candidate-vulkan,6045394
candidate-vulkan,6078100
candidate-vulkan,6112741
candidate-vulkan,6146460
candidate-vulkan,6181968
candidate-vulkan,6215056
candidate-vulkan,6249572
candidate-vulkan,6286289
candidate-vulkan,6322366
candidate-vulkan,6359450
candidate-vulkan,6393108
candidate-vulkan,6428615
candidate-vulkan,6467550
candidate-vulkan,6503160
candidate-vulkan,6538264
candidate-vulkan,6574237
candidate-vulkan,6609722
candidate-vulkan,6644551
candidate-vulkan,6679095
candidate-vulkan,6715192
candidate-vulkan,6749772
candidate-vulkan,6783809
candidate-vulkan,6826597
candidate-vulkan,6861296
candidate-vulkan,6895376
candidate-vulkan,6929714
candidate-vulkan,6967154
candidate-vulkan,7005487
candidate-vulkan,7043088
candidate-vulkan,7078640
candidate-vulkan,7121271
candidate-vulkan,7157903
candidate-vulkan,7192976
candidate-vulkan,7226749
candidate-vulkan,7260348
candidate-vulkan,7294410
candidate-vulkan,7328002
candidate-vulkan,7364071
candidate-vulkan,7404458
candidate-vulkan,7445606
candidate-vulkan,7483708
candidate-vulkan,7524302
candidate-vulkan,7565312
candidate-vulkan,7603561
candidate-vulkan,7643159
candidate-vulkan,7683286
candidate-vulkan,7722995
candidate-vulkan,7760922
candidate-vulkan,7800045
candidate-vulkan,7836130
candidate-vulkan,7874953
candidate-vulkan,7916109
candidate-vulkan,7955467
candidate-vulkan,7995067
candidate-vulkan,8033255
candidate-vulkan,8070839
candidate-vulkan,8111437
candidate-vulkan,8150322
candidate-vulkan,8187593
candidate-vulkan,8225134
candidate-vulkan,8258720
candidate-vulkan,8294048
candidate-vulkan,8328632
candidate-vulkan,8365089
candidate-vulkan,8399669
candidate-vulkan,8433751
candidate-vulkan,8465275
candidate-vulkan,8504035
candidate-vulkan,8539647
candidate-vulkan,8575486
candidate-vulkan,8609089
candidate-vulkan,8649844
candidate-vulkan,8686022
candidate-vulkan,8727299
candidate-vulkan,8761643
candidate-vulkan,8797386
candidate-vulkan,8833359
candidate-vulkan,8868428
candidate-vulkan,8905292
candidate-vulkan,8943864
candidate-vulkan,8987748
candidate-vulkan,9025356
candidate-vulkan,9059439
candidate-vulkan,9109740
candidate-vulkan,9144572
candidate-vulkan,9183698
candidate-vulkan,9217074
candidate-vulkan,9254057
candidate-vulkan,9291661
candidate-vulkan,9327088
candidate-vulkan,9363169
candidate-vulkan,9400777
candidate-vulkan,9436460
candidate-vulkan,9473159
candidate-vulkan,9507157
candidate-vulkan,9543287
candidate-vulkan,9580708
candidate-vulkan,9612799
candidate-vulkan,9648764
candidate-vulkan,9683246
candidate-vulkan,9714341
candidate-vulkan,9747565
candidate-vulkan,9783157
candidate-vulkan,9820277
candidate-vulkan,9858165
candidate-vulkan,9896333
candidate-vulkan,9930838
candidate-vulkan,9964309
candidate-vulkan,10006483
baseline-opengl,5195
baseline-opengl,30255
baseline-opengl,55346
baseline-opengl,81318
baseline-opengl,105985
baseline-opengl,131109
baseline-opengl,155231
baseline-opengl,180968
baseline-opengl,205278
baseline-opengl,237897
baseline-opengl,263044
baseline-opengl,300630
baseline-opengl,328207
baseline-opengl,352780
baseline-opengl,378152
baseline-opengl,403722
baseline-opengl,428312
baseline-opengl,452665
baseline-opengl,477715
baseline-opengl,502358
baseline-opengl,528641
baseline-opengl,553732
baseline-opengl,577803
baseline-opengl,610403
baseline-opengl,635982
baseline-opengl,661039
baseline-opengl,684996
baseline-opengl,711573
baseline-opengl,738145
baseline-opengl,763228
baseline-opengl,787323
baseline-opengl,812099
baseline-opengl,836691
baseline-opengl,861829
baseline-opengl,885470
baseline-opengl,911057
baseline-opengl,936076
baseline-opengl,961187
baseline-opengl,986282
baseline-opengl,1011369
baseline-opengl,1035962
baseline-opengl,1060890
baseline-opengl,1084141
baseline-opengl,1111720
baseline-opengl,1135278
baseline-opengl,1161332
baseline-opengl,1185917
baseline-opengl,1222532
baseline-opengl,1248035
baseline-opengl,1277632
baseline-opengl,1304774
baseline-opengl,1332847
baseline-opengl,1361921
baseline-opengl,1387006
baseline-opengl,1412849
baseline-opengl,1437942
baseline-opengl,1463214
baseline-opengl,1487297
baseline-opengl,1512386
baseline-opengl,1545927
baseline-opengl,1569680
baseline-opengl,1594795
baseline-opengl,1618625
baseline-opengl,1646232
baseline-opengl,1671638
baseline-opengl,1696252
baseline-opengl,1720687
baseline-opengl,1747515
baseline-opengl,1788270
baseline-opengl,1813555
baseline-opengl,1838012
baseline-opengl,1865113
baseline-opengl,1889190
baseline-opengl,1914331
baseline-opengl,1937828
baseline-opengl,1962169
baseline-opengl,1986098
baseline-opengl,2016440
baseline-opengl,2045037
baseline-opengl,2068670
baseline-opengl,2094451
baseline-opengl,2120012
baseline-opengl,2155585
baseline-opengl,2180824
baseline-opengl,2204934
baseline-opengl,2228479
baseline-opengl,2253091
baseline-opengl,2277679
baseline-opengl,2301542
baseline-opengl,2328624
baseline-opengl,2352193
baseline-opengl,2378786
baseline-opengl,2401893
baseline-opengl,2428470
baseline-opengl,2451939
baseline-opengl,2482914
baseline-opengl,2511305
baseline-opengl,2534865
baseline-opengl,2561431
baseline-opengl,2585494
baseline-opengl,2612082
baseline-opengl,2637487
baseline-opengl,2663059
baseline-opengl,2687128
baseline-opengl,2717222
baseline-opengl,2745323
baseline-opengl,2768884
baseline-opengl,2794567
baseline-opengl,2817144
baseline-opengl,2845124
baseline-opengl,2868740
baseline-opengl,2894925
baseline-opengl,2917983
baseline-opengl,2945090
baseline-opengl,2968654
baseline-opengl,2994634
baseline-opengl,3018732
baseline-opengl,3044821
baseline-opengl,3079925
baseline-opengl,3103556
baseline-opengl,3134198
baseline-opengl,3161778
baseline-opengl,3185112
baseline-opengl,3211603
baseline-opengl,3235891
baseline-opengl,3264183
baseline-opengl,3286922
baseline-opengl,3313228
baseline-opengl,3337276
baseline-opengl,3361665
baseline-opengl,3385155
baseline-opengl,3417276
baseline-opengl,3444283
baseline-opengl,3468303
baseline-opengl,3495983
baseline-opengl,3519666
baseline-opengl,3545107
baseline-opengl,3569676
baseline-opengl,3594749
baseline-opengl,3618442
baseline-opengl,3645289
baseline-opengl,3669820
baseline-opengl,3694381
baseline-opengl,3718964
baseline-opengl,3745181
baseline-opengl,3769766
baseline-opengl,3794333
baseline-opengl,3818491
baseline-opengl,3844833
baseline-opengl,3869395
baseline-opengl,3894530
baseline-opengl,3919099
baseline-opengl,3955196
baseline-opengl,3980260
baseline-opengl,4002813
baseline-opengl,4039278
baseline-opengl,4062432
baseline-opengl,4088303
baseline-opengl,4114696
baseline-opengl,4137671
baseline-opengl,4162172
baseline-opengl,4186997
baseline-opengl,4211874
baseline-opengl,4236980
baseline-opengl,4261342
baseline-opengl,4286384
baseline-opengl,4313454
baseline-opengl,4344953
baseline-opengl,4369057
baseline-opengl,4394882
baseline-opengl,4420870
baseline-opengl,4446678
baseline-opengl,4470464
baseline-opengl,4496073
baseline-opengl,4519327
baseline-opengl,4544889
baseline-opengl,4569454
baseline-opengl,4596025
baseline-opengl,4628601
baseline-opengl,4652298
baseline-opengl,4678887
baseline-opengl,4702722
baseline-opengl,4727790
baseline-opengl,4752339
baseline-opengl,4779024
baseline-opengl,4804313
baseline-opengl,4830320
baseline-opengl,4855635
baseline-opengl,4880192
baseline-opengl,4904762
baseline-opengl,4938982
baseline-opengl,4964583
baseline-opengl,4989135
baseline-opengl,5014620
baseline-opengl,5041710
baseline-opengl,5066228
baseline-opengl,5094819
baseline-opengl,5119395
baseline-opengl,5144458
baseline-opengl,5169089
baseline-opengl,5194146
baseline-opengl,5218443
baseline-opengl,5245545
baseline-opengl,5278205
baseline-opengl,5303784
baseline-opengl,5329865
baseline-opengl,5355430
baseline-opengl,5380489
baseline-opengl,5405121
baseline-opengl,5430331
baseline-opengl,5453388
baseline-opengl,5478321
baseline-opengl,5502839
baseline-opengl,5528699
baseline-opengl,5552003
baseline-opengl,5578106
baseline-opengl,5601982
baseline-opengl,5629071
baseline-opengl,5651854
baseline-opengl,5679432
baseline-opengl,5702238
baseline-opengl,5728306
baseline-opengl,5755021
baseline-opengl,5782772
baseline-opengl,5811379
baseline-opengl,5836174
baseline-opengl,5871273
baseline-opengl,5895144
baseline-opengl,5919731
baseline-opengl,5944830
baseline-opengl,5967866
baseline-opengl,5994947
baseline-opengl,6018137
baseline-opengl,6045206
baseline-opengl,6068775
baseline-opengl,6094326
baseline-opengl,6118387
baseline-opengl,6148485
baseline-opengl,6184276
baseline-opengl,6211201
baseline-opengl,6235789
baseline-opengl,6262875
baseline-opengl,6286338
baseline-opengl,6315468
baseline-opengl,6340539
baseline-opengl,6366131
baseline-opengl,6394636
baseline-opengl,6419302
baseline-opengl,6445384
baseline-opengl,6469623
baseline-opengl,6494186
baseline-opengl,6518898
baseline-opengl,6544951
baseline-opengl,6569059
baseline-opengl,6596615
baseline-opengl,6619712
baseline-opengl,6644795
baseline-opengl,6670343
baseline-opengl,6697913
baseline-opengl,6720998
baseline-opengl,6745662
baseline-opengl,6769780
baseline-opengl,6804082
baseline-opengl,6829401
baseline-opengl,6851961
baseline-opengl,6879325
baseline-opengl,6903990
baseline-opengl,6929619
baseline-opengl,6953702
baseline-opengl,6978780
baseline-opengl,7002334
baseline-opengl,7028941
baseline-opengl,7053346
baseline-opengl,7079212
baseline-opengl,7110964
baseline-opengl,7135020
baseline-opengl,7161080
baseline-opengl,7185203
baseline-opengl,7211257
baseline-opengl,7234821
baseline-opengl,7260908
baseline-opengl,7287012
baseline-opengl,7312082
baseline-opengl,7336178
baseline-opengl,7361944
baseline-opengl,7386018
baseline-opengl,7411123
baseline-opengl,7434153
baseline-opengl,7461134
baseline-opengl,7488241
baseline-opengl,7515375
baseline-opengl,7538943
baseline-opengl,7562906
baseline-opengl,7586358
baseline-opengl,7611187
baseline-opengl,7635306
baseline-opengl,7661429
baseline-opengl,7685033
baseline-opengl,7720670
baseline-opengl,7746253
baseline-opengl,7769808
baseline-opengl,7794868
baseline-opengl,7819963
baseline-opengl,7845218
baseline-opengl,7868571
baseline-opengl,7895656
baseline-opengl,7928552
baseline-opengl,7953111
baseline-opengl,7978724
baseline-opengl,8002660
baseline-opengl,8027381
baseline-opengl,8058456
baseline-opengl,8082746
baseline-opengl,8111211
baseline-opengl,8137331
baseline-opengl,8165511
baseline-opengl,8189563
baseline-opengl,8215197
baseline-opengl,8239102
baseline-opengl,8265171
baseline-opengl,8288751
baseline-opengl,8314536
baseline-opengl,8338447
baseline-opengl,8364580
baseline-opengl,8388146
baseline-opengl,8413686
baseline-opengl,8437247
baseline-opengl,8464348
baseline-opengl,8490811
baseline-opengl,8517899
baseline-opengl,8544966
baseline-opengl,8569625
baseline-opengl,8594700
baseline-opengl,8623274
baseline-opengl,8661375
baseline-opengl,8686453
baseline-opengl,8711033
baseline-opengl,8735111
baseline-opengl,8761165
baseline-opengl,8786747
baseline-opengl,8811236
baseline-opengl,8835217
baseline-opengl,8863292
baseline-opengl,8887787
baseline-opengl,8911859
baseline-opengl,8936192
baseline-opengl,8967798
baseline-opengl,8995279
baseline-opengl,9019857
baseline-opengl,9046683
baseline-opengl,9072859
baseline-opengl,9098557
baseline-opengl,9122121
baseline-opengl,9149231
baseline-opengl,9172299
baseline-opengl,9198894
baseline-opengl,9222442
baseline-opengl,9247504
baseline-opengl,9271239
baseline-opengl,9296943
baseline-opengl,9322508
baseline-opengl,9351582
baseline-opengl,9377186
baseline-opengl,9402278
baseline-opengl,9427371
baseline-opengl,9452435
baseline-opengl,9477918
baseline-opengl,9502805
baseline-opengl,9528747
baseline-opengl,9552966
baseline-opengl,9587043
baseline-opengl,9612471
baseline-opengl,9638233
baseline-opengl,9662845
baseline-opengl,9686197
baseline-opengl,9711671
baseline-opengl,9734760
baseline-opengl,9762316
baseline-opengl,9786104
baseline-opengl,9812702
baseline-opengl,9836830
baseline-opengl,9863902
baseline-opengl,9887366
baseline-opengl,9922807
baseline-opengl,9947380
baseline-opengl,9971438
baseline-opengl,9997772
candidate-opengl,13375
candidate-opengl,40967
candidate-opengl,67122
candidate-opengl,92692
candidate-opengl,117549
candidate-opengl,144615
candidate-opengl,173508
candidate-opengl,200417
candidate-opengl,226758
candidate-opengl,255044
candidate-opengl,279676
candidate-opengl,316204
candidate-opengl,343765
candidate-opengl,371828
candidate-opengl,397383
candidate-opengl,424077
candidate-opengl,449646
candidate-opengl,480094
candidate-opengl,504789
candidate-opengl,531851
candidate-opengl,556909
candidate-opengl,590109
candidate-opengl,616434
candidate-opengl,650435
candidate-opengl,676076
candidate-opengl,702530
candidate-opengl,730161
candidate-opengl,754987
candidate-opengl,780221
candidate-opengl,809818
candidate-opengl,838775
candidate-opengl,865338
candidate-opengl,891406
candidate-opengl,917410
candidate-opengl,942485
candidate-opengl,969041
candidate-opengl,994108
candidate-opengl,1020958
candidate-opengl,1046003
candidate-opengl,1072071
candidate-opengl,1097117
candidate-opengl,1122675
candidate-opengl,1149498
candidate-opengl,1173746
candidate-opengl,1200410
candidate-opengl,1225972
candidate-opengl,1262056
candidate-opengl,1289175
candidate-opengl,1317228
candidate-opengl,1342290
candidate-opengl,1367403
candidate-opengl,1393548
candidate-opengl,1419451
candidate-opengl,1444440
candidate-opengl,1471515
candidate-opengl,1497289
candidate-opengl,1522946
candidate-opengl,1550603
candidate-opengl,1583257
candidate-opengl,1608820
candidate-opengl,1635089
candidate-opengl,1663421
candidate-opengl,1692246
candidate-opengl,1720810
candidate-opengl,1746862
candidate-opengl,1772425
candidate-opengl,1800608
candidate-opengl,1828745
candidate-opengl,1855848
candidate-opengl,1899961
candidate-opengl,1925524
candidate-opengl,1951605
candidate-opengl,1976803
candidate-opengl,2005373
candidate-opengl,2029926
candidate-opengl,2055985
candidate-opengl,2080211
candidate-opengl,2106940
candidate-opengl,2132281
candidate-opengl,2160257
candidate-opengl,2194998
candidate-opengl,2222451
candidate-opengl,2246013
candidate-opengl,2271958
candidate-opengl,2297015
candidate-opengl,2321579
candidate-opengl,2346147
candidate-opengl,2371697
candidate-opengl,2394750
candidate-opengl,2421311
candidate-opengl,2445865
candidate-opengl,2472301
candidate-opengl,2503877
candidate-opengl,2529510
candidate-opengl,2555061
candidate-opengl,2580105
candidate-opengl,2607167
candidate-opengl,2635234
candidate-opengl,2660067
candidate-opengl,2688364
candidate-opengl,2714704
candidate-opengl,2742276
candidate-opengl,2767833
candidate-opengl,2792418
candidate-opengl,2834380
candidate-opengl,2859932
candidate-opengl,2890617
candidate-opengl,2917233
candidate-opengl,2942795
candidate-opengl,2968278
candidate-opengl,2991335
candidate-opengl,3018916
candidate-opengl,3043462
candidate-opengl,3072031
candidate-opengl,3106947
candidate-opengl,3133512
candidate-opengl,3158066
candidate-opengl,3183621
candidate-opengl,3206722
candidate-opengl,3233268
candidate-opengl,3259347
candidate-opengl,3286905
candidate-opengl,3312478
candidate-opengl,3339137
candidate-opengl,3363677
candidate-opengl,3390740
candidate-opengl,3417337
candidate-opengl,3451717
candidate-opengl,3476727
candidate-opengl,3502966
candidate-opengl,3532206
candidate-opengl,3557961
candidate-opengl,3583486
candidate-opengl,3608540
candidate-opengl,3635137
candidate-opengl,3659195
candidate-opengl,3684753
candidate-opengl,3710311
candidate-opengl,3739390
candidate-opengl,3763618
candidate-opengl,3788673
candidate-opengl,3815741
candidate-opengl,3839486
candidate-opengl,3867537
candidate-opengl,3891612
candidate-opengl,3922263
candidate-opengl,3946823
candidate-opengl,3975388
candidate-opengl,4000892
candidate-opengl,4037427
candidate-opengl,4062637
candidate-opengl,4088879
candidate-opengl,4112929
candidate-opengl,4138497
candidate-opengl,4163340
candidate-opengl,4189381
candidate-opengl,4212434
candidate-opengl,4239237
candidate-opengl,4263152
candidate-opengl,4292298
candidate-opengl,4319369
candidate-opengl,4345567
candidate-opengl,4377782
candidate-opengl,4405350
candidate-opengl,4429918
candidate-opengl,4458528
candidate-opengl,4483585
candidate-opengl,4508440
candidate-opengl,4533498
candidate-opengl,4561357
candidate-opengl,4588928
candidate-opengl,4612470
candidate-opengl,4639039
candidate-opengl,4662594
candidate-opengl,4689186
candidate-opengl,4712737
candidate-opengl,4738850
candidate-opengl,4764908
candidate-opengl,4795198
candidate-opengl,4822757
candidate-opengl,4852873
candidate-opengl,4877940
candidate-opengl,4905022
candidate-opengl,4929307
candidate-opengl,4966886
candidate-opengl,4991375
candidate-opengl,5018481
candidate-opengl,5044050
candidate-opengl,5071814
candidate-opengl,5095377
candidate-opengl,5123581
candidate-opengl,5150229
candidate-opengl,5174311
candidate-opengl,5200441
candidate-opengl,5224924
candidate-opengl,5251980
candidate-opengl,5286732
candidate-opengl,5310287
candidate-opengl,5338868
candidate-opengl,5364430
candidate-opengl,5390500
candidate-opengl,5418058
candidate-opengl,5442012
candidate-opengl,5468647
candidate-opengl,5493421
candidate-opengl,5522446
candidate-opengl,5546500
candidate-opengl,5572588
candidate-opengl,5599150
candidate-opengl,5624947
candidate-opengl,5654423
candidate-opengl,5680314
candidate-opengl,5707034
candidate-opengl,5733641
candidate-opengl,5761200
candidate-opengl,5788725
candidate-opengl,5812403
candidate-opengl,5841537
candidate-opengl,5867466
candidate-opengl,5905914
candidate-opengl,5929458
candidate-opengl,5955512
candidate-opengl,5979409
candidate-opengl,6004967
candidate-opengl,6033252
candidate-opengl,6057802
candidate-opengl,6087868
candidate-opengl,6113024
candidate-opengl,6138264
candidate-opengl,6165438
candidate-opengl,6190493
candidate-opengl,6225340
candidate-opengl,6251412
candidate-opengl,6275461
candidate-opengl,6301136
candidate-opengl,6326697
candidate-opengl,6355613
candidate-opengl,6379161
candidate-opengl,6405221
candidate-opengl,6429771
candidate-opengl,6455823
candidate-opengl,6481607
candidate-opengl,6507297
candidate-opengl,6535877
candidate-opengl,6560705
candidate-opengl,6589323
candidate-opengl,6614896
candidate-opengl,6639058
candidate-opengl,6667170
candidate-opengl,6690971
candidate-opengl,6717210
candidate-opengl,6743360
candidate-opengl,6773371
candidate-opengl,6799934
candidate-opengl,6838645
candidate-opengl,6866327
candidate-opengl,6891593
candidate-opengl,6917655
candidate-opengl,6942350
candidate-opengl,6967394
candidate-opengl,6993380
candidate-opengl,7022079
candidate-opengl,7047132
candidate-opengl,7071807
candidate-opengl,7096624
candidate-opengl,7122684
candidate-opengl,7155711
candidate-opengl,7179672
candidate-opengl,7205205
candidate-opengl,7233373
candidate-opengl,7257417
candidate-opengl,7285491
candidate-opengl,7309920
candidate-opengl,7334616
candidate-opengl,7359065
candidate-opengl,7384707
candidate-opengl,7410017
candidate-opengl,7438841
candidate-opengl,7462900
candidate-opengl,7489735
candidate-opengl,7513616
candidate-opengl,7539437
candidate-opengl,7565340
candidate-opengl,7590394
candidate-opengl,7615955
candidate-opengl,7640515
candidate-opengl,7664524
candidate-opengl,7689069
candidate-opengl,7713625
candidate-opengl,7739440
candidate-opengl,7776742
candidate-opengl,7801392
candidate-opengl,7826959
candidate-opengl,7855134
candidate-opengl,7882450
candidate-opengl,7907006
candidate-opengl,7932073
candidate-opengl,7956622
candidate-opengl,7983346
candidate-opengl,8008908
candidate-opengl,8035548
candidate-opengl,8060048
candidate-opengl,8090492
candidate-opengl,8117048
candidate-opengl,8143346
candidate-opengl,8170197
candidate-opengl,8194767
candidate-opengl,8221476
candidate-opengl,8246042
candidate-opengl,8272594
candidate-opengl,8300687
candidate-opengl,8325088
candidate-opengl,8352655
candidate-opengl,8376701
candidate-opengl,8405774
candidate-opengl,8431632
candidate-opengl,8457190
candidate-opengl,8484758
candidate-opengl,8509327
candidate-opengl,8535274
candidate-opengl,8561338
candidate-opengl,8588534
candidate-opengl,8613582
candidate-opengl,8640626
candidate-opengl,8666891
candidate-opengl,8706856
candidate-opengl,8734566
candidate-opengl,8760006
candidate-opengl,8788381
candidate-opengl,8813437
candidate-opengl,8839778
candidate-opengl,8867023
candidate-opengl,8896529
candidate-opengl,8921088
candidate-opengl,8946648
candidate-opengl,8974484
candidate-opengl,9010017
candidate-opengl,9038335
candidate-opengl,9062154
candidate-opengl,9088827
candidate-opengl,9114193
candidate-opengl,9138238
candidate-opengl,9162817
candidate-opengl,9188385
candidate-opengl,9212400
candidate-opengl,9238401
candidate-opengl,9263958
candidate-opengl,9290856
candidate-opengl,9319248
candidate-opengl,9344625
candidate-opengl,9374688
candidate-opengl,9400240
candidate-opengl,9425304
candidate-opengl,9449863
candidate-opengl,9476847
candidate-opengl,9506432
candidate-opengl,9531649
candidate-opengl,9556394
candidate-opengl,9581071
candidate-opengl,9621389
candidate-opengl,9645710
candidate-opengl,9671767
candidate-opengl,9696322
candidate-opengl,9721382
candidate-opengl,9745809
candidate-opengl,9773309
candidate-opengl,9801377
candidate-opengl,9826948
candidate-opengl,9856009
candidate-opengl,9881884
candidate-opengl,9906931
candidate-opengl,9931175
candidate-opengl,9967246
candidate-opengl,9991807
