cell,timestamp_us_since_window_start
baseline-opengl,6785
baseline-opengl,32688
baseline-opengl,56740
baseline-opengl,83556
baseline-opengl,108131
baseline-opengl,134399
baseline-opengl,159963
baseline-opengl,184297
baseline-opengl,208962
baseline-opengl,234688
baseline-opengl,259752
baseline-opengl,303091
baseline-opengl,327686
baseline-opengl,356776
baseline-opengl,381384
baseline-opengl,405868
baseline-opengl,430062
baseline-opengl,455120
baseline-opengl,479886
baseline-opengl,505973
baseline-opengl,529811
baseline-opengl,555879
baseline-opengl,580202
baseline-opengl,605779
baseline-opengl,637237
baseline-opengl,663190
baseline-opengl,690807
baseline-opengl,717910
baseline-opengl,743024
baseline-opengl,769327
baseline-opengl,796659
baseline-opengl,822472
baseline-opengl,846049
baseline-opengl,872702
baseline-opengl,896197
baseline-opengl,922453
baseline-opengl,945526
baseline-opengl,974093
baseline-opengl,999241
baseline-opengl,1023296
baseline-opengl,1049988
baseline-opengl,1073452
baseline-opengl,1098516
baseline-opengl,1123313
baseline-opengl,1148454
baseline-opengl,1172854
baseline-opengl,1198146
baseline-opengl,1234859
baseline-opengl,1258933
baseline-opengl,1284996
baseline-opengl,1313341
baseline-opengl,1339533
baseline-opengl,1363469
baseline-opengl,1389244
baseline-opengl,1413532
baseline-opengl,1439597
baseline-opengl,1463167
baseline-opengl,1494478
baseline-opengl,1523304
baseline-opengl,1555065
baseline-opengl,1579040
baseline-opengl,1606628
baseline-opengl,1631465
baseline-opengl,1659434
baseline-opengl,1684510
baseline-opengl,1709542
baseline-opengl,1735088
baseline-opengl,1760310
baseline-opengl,1785449
baseline-opengl,1828542
baseline-opengl,1856094
baseline-opengl,1881158
baseline-opengl,1906422
baseline-opengl,1931472
baseline-opengl,1956531
baseline-opengl,1982277
baseline-opengl,2006984
baseline-opengl,2030106
baseline-opengl,2055597
baseline-opengl,2080566
baseline-opengl,2105645
baseline-opengl,2133344
baseline-opengl,2167635
baseline-opengl,2190676
baseline-opengl,2216252
baseline-opengl,2240687
baseline-opengl,2263249
baseline-opengl,2290237
baseline-opengl,2314343
baseline-opengl,2339906
baseline-opengl,2362185
baseline-opengl,2389832
baseline-opengl,2415977
baseline-opengl,2445048
baseline-opengl,2476138
baseline-opengl,2501626
baseline-opengl,2523885
baseline-opengl,2548331
baseline-opengl,2572134
baseline-opengl,2598264
baseline-opengl,2623110
baseline-opengl,2646758
baseline-opengl,2674356
baseline-opengl,2699401
baseline-opengl,2723233
baseline-opengl,2746802
baseline-opengl,2773120
baseline-opengl,2796676
baseline-opengl,2822865
baseline-opengl,2849415
baseline-opengl,2873206
baseline-opengl,2897595
baseline-opengl,2922871
baseline-opengl,2945927
baseline-opengl,2973974
baseline-opengl,2996984
baseline-opengl,3023295
baseline-opengl,3045932
baseline-opengl,3072703
baseline-opengl,3108028
baseline-opengl,3133618
baseline-opengl,3155865
baseline-opengl,3179431
baseline-opengl,3205808
baseline-opengl,3230048
baseline-opengl,3256204
baseline-opengl,3279885
baseline-opengl,3306023
baseline-opengl,3329138
baseline-opengl,3356205
baseline-opengl,3379278
baseline-opengl,3413396
baseline-opengl,3439502
baseline-opengl,3463562
baseline-opengl,3489379
baseline-opengl,3517420
baseline-opengl,3543028
baseline-opengl,3567019
baseline-opengl,3589671
baseline-opengl,3617013
baseline-opengl,3642377
baseline-opengl,3669216
baseline-opengl,3696701
baseline-opengl,3722376
baseline-opengl,3746253
baseline-opengl,3772317
baseline-opengl,3795607
baseline-opengl,3823974
baseline-opengl,3847913
baseline-opengl,3872436
baseline-opengl,3896999
baseline-opengl,3923564
baseline-opengl,3947147
baseline-opengl,3972694
baseline-opengl,3996726
baseline-opengl,4033921
baseline-opengl,4058118
baseline-opengl,4082816
baseline-opengl,4106897
baseline-opengl,4133173
baseline-opengl,4162261
baseline-opengl,4190154
baseline-opengl,4213963
baseline-opengl,4240097
baseline-opengl,4264186
baseline-opengl,4289261
baseline-opengl,4312451
baseline-opengl,4346491
baseline-opengl,4372982
baseline-opengl,4397541
baseline-opengl,4423206
baseline-opengl,4449545
baseline-opengl,4473212
baseline-opengl,4496791
baseline-opengl,4523363
baseline-opengl,4547644
baseline-opengl,4573593
baseline-opengl,4596663
baseline-opengl,4623237
baseline-opengl,4646308
baseline-opengl,4673812
baseline-opengl,4697882
baseline-opengl,4723594
baseline-opengl,4747878
baseline-opengl,4773304
baseline-opengl,4797094
baseline-opengl,4824382
baseline-opengl,4850307
baseline-opengl,4874335
baseline-opengl,4899902
baseline-opengl,4923651
baseline-opengl,4958575
baseline-opengl,4983296
baseline-opengl,5006872
baseline-opengl,5029889
baseline-opengl,5055972
baseline-opengl,5080569
baseline-opengl,5105505
baseline-opengl,5130098
baseline-opengl,5156666
baseline-opengl,5179012
baseline-opengl,5206593
baseline-opengl,5230186
baseline-opengl,5262501
baseline-opengl,5290055
baseline-opengl,5313353
baseline-opengl,5340028
baseline-opengl,5367558
baseline-opengl,5393215
baseline-opengl,5418490
baseline-opengl,5442426
baseline-opengl,5468512
baseline-opengl,5491589
baseline-opengl,5517154
baseline-opengl,5540207
baseline-opengl,5564808
baseline-opengl,5589867
baseline-opengl,5614467
baseline-opengl,5639195
baseline-opengl,5668060
baseline-opengl,5692352
baseline-opengl,5718431
baseline-opengl,5742013
baseline-opengl,5768440
baseline-opengl,5791831
baseline-opengl,5817399
baseline-opengl,5841653
baseline-opengl,5877180
baseline-opengl,5901534
baseline-opengl,5926168
baseline-opengl,5951998
baseline-opengl,5979115
baseline-opengl,6006687
baseline-opengl,6030983
baseline-opengl,6056937
baseline-opengl,6081496
baseline-opengl,6106172
baseline-opengl,6130755
baseline-opengl,6156813
baseline-opengl,6189434
baseline-opengl,6212405
baseline-opengl,6239468
baseline-opengl,6264432
baseline-opengl,6291002
baseline-opengl,6314123
baseline-opengl,6339202
baseline-opengl,6363736
baseline-opengl,6389879
baseline-opengl,6412925
baseline-opengl,6440035
baseline-opengl,6465169
baseline-opengl,6491392
baseline-opengl,6514298
baseline-opengl,6539407
baseline-opengl,6563352
baseline-opengl,6588947
baseline-opengl,6612936
baseline-opengl,6638936
baseline-opengl,6669034
baseline-opengl,6700890
baseline-opengl,6724520
baseline-opengl,6753517
baseline-opengl,6779800
baseline-opengl,6805866
baseline-opengl,6841050
baseline-opengl,6866105
baseline-opengl,6890187
baseline-opengl,6914115
baseline-opengl,6939361
baseline-opengl,6963731
baseline-opengl,6990189
baseline-opengl,7014264
baseline-opengl,7038975
baseline-opengl,7062250
baseline-opengl,7089376
baseline-opengl,7113781
baseline-opengl,7145518
baseline-opengl,7173084
baseline-opengl,7197449
baseline-opengl,7223516
baseline-opengl,7246573
baseline-opengl,7274151
baseline-opengl,7301968
baseline-opengl,7324970
baseline-opengl,7350631
baseline-opengl,7372713
baseline-opengl,7397735
baseline-opengl,7426304
baseline-opengl,7449577
baseline-opengl,7473632
baseline-opengl,7499854
baseline-opengl,7523503
baseline-opengl,7546075
baseline-opengl,7573212
baseline-opengl,7597770
baseline-opengl,7621987
baseline-opengl,7645611
baseline-opengl,7673536
baseline-opengl,7701422
baseline-opengl,7738329
baseline-opengl,7762199
baseline-opengl,7789927
baseline-opengl,7818593
baseline-opengl,7842241
baseline-opengl,7865350
baseline-opengl,7890106
baseline-opengl,7914797
baseline-opengl,7939459
baseline-opengl,7962115
baseline-opengl,7990235
baseline-opengl,8014293
baseline-opengl,8039310
baseline-opengl,8070717
baseline-opengl,8094455
baseline-opengl,8124341
baseline-opengl,8148570
baseline-opengl,8175141
baseline-opengl,8201227
baseline-opengl,8224284
baseline-opengl,8248728
baseline-opengl,8273020
baseline-opengl,8297806
baseline-opengl,8323274
baseline-opengl,8347085
baseline-opengl,8373190
baseline-opengl,8397249
baseline-opengl,8428496
baseline-opengl,8458621
baseline-opengl,8483198
baseline-opengl,8506750
baseline-opengl,8530772
baseline-opengl,8556522
baseline-opengl,8581343
baseline-opengl,8606776
baseline-opengl,8629831
baseline-opengl,8665458
baseline-opengl,8693021
baseline-opengl,8719407
baseline-opengl,8743343
baseline-opengl,8770034
baseline-opengl,8793132
baseline-opengl,8818897
baseline-opengl,8842376
baseline-opengl,8866478
baseline-opengl,8891477
baseline-opengl,8917473
baseline-opengl,8942217
baseline-opengl,8967394
baseline-opengl,9001323
baseline-opengl,9025250
baseline-opengl,9050569
baseline-opengl,9076746
baseline-opengl,9101811
baseline-opengl,9125988
baseline-opengl,9151061
baseline-opengl,9175616
baseline-opengl,9200555
baseline-opengl,9225561
baseline-opengl,9252136
baseline-opengl,9276205
baseline-opengl,9300532
baseline-opengl,9324734
baseline-opengl,9351300
baseline-opengl,9375866
baseline-opengl,9400932
baseline-opengl,9424985
baseline-opengl,9449005
baseline-opengl,9473072
baseline-opengl,9497007
baseline-opengl,9523397
baseline-opengl,9546457
baseline-opengl,9572823
baseline-opengl,9608305
baseline-opengl,9634666
baseline-opengl,9657366
baseline-opengl,9682495
baseline-opengl,9707549
baseline-opengl,9736237
baseline-opengl,9759959
baseline-opengl,9784855
baseline-opengl,9808919
baseline-opengl,9834159
baseline-opengl,9857727
baseline-opengl,9880992
baseline-opengl,9913166
baseline-opengl,9939247
baseline-opengl,9962621
baseline-opengl,9989210
baseline-vulkan,9061
baseline-vulkan,47049
baseline-vulkan,86664
baseline-vulkan,127591
baseline-vulkan,165957
baseline-vulkan,206119
baseline-vulkan,246771
baseline-vulkan,291844
baseline-vulkan,330734
baseline-vulkan,370936
baseline-vulkan,410539
baseline-vulkan,445418
baseline-vulkan,480595
baseline-vulkan,514875
baseline-vulkan,550622
baseline-vulkan,586201
baseline-vulkan,628931
baseline-vulkan,664539
baseline-vulkan,699015
baseline-vulkan,736805
baseline-vulkan,775576
baseline-vulkan,810498
baseline-vulkan,845610
baseline-vulkan,882191
baseline-vulkan,929589
baseline-vulkan,1006510
baseline-vulkan,1041953
baseline-vulkan,1076226
baseline-vulkan,1110379
baseline-vulkan,1143150
baseline-vulkan,1177735
baseline-vulkan,1210974
baseline-vulkan,1244056
baseline-vulkan,1276405
baseline-vulkan,1311495
baseline-vulkan,1342968
baseline-vulkan,1376366
baseline-vulkan,1411892
baseline-vulkan,1447495
baseline-vulkan,1482996
baseline-vulkan,1517793
baseline-vulkan,1552985
baseline-vulkan,1591258
baseline-vulkan,1626378
baseline-vulkan,1660439
baseline-vulkan,1693405
baseline-vulkan,1726719
baseline-vulkan,1759546
baseline-vulkan,1793572
baseline-vulkan,1840794
baseline-vulkan,1875251
baseline-vulkan,1909373
baseline-vulkan,1943450
baseline-vulkan,1976697
baseline-vulkan,2010486
baseline-vulkan,2046075
baseline-vulkan,2085966
baseline-vulkan,2125175
baseline-vulkan,2163358
baseline-vulkan,2201058
baseline-vulkan,2243460
baseline-vulkan,2279638
baseline-vulkan,2319366
baseline-vulkan,2365539
baseline-vulkan,2406400
baseline-vulkan,2445510
baseline-vulkan,2484739
baseline-vulkan,2525871
baseline-vulkan,2562135
baseline-vulkan,2599167
baseline-vulkan,2640809
baseline-vulkan,2678942
baseline-vulkan,2718618
baseline-vulkan,2767757
baseline-vulkan,2808825
baseline-vulkan,2841927
baseline-vulkan,2877361
baseline-vulkan,2910373
baseline-vulkan,2943312
baseline-vulkan,2975698
baseline-vulkan,3009543
baseline-vulkan,3043029
baseline-vulkan,3078416
baseline-vulkan,3112213
baseline-vulkan,3146328
baseline-vulkan,3183699
baseline-vulkan,3218417
baseline-vulkan,3255067
baseline-vulkan,3291175
baseline-vulkan,3325298
baseline-vulkan,3362415
baseline-vulkan,3397514
baseline-vulkan,3438629
baseline-vulkan,3473208
baseline-vulkan,3507797
baseline-vulkan,3543133
baseline-vulkan,3576582
baseline-vulkan,3610604
baseline-vulkan,3645067
baseline-vulkan,3694699
baseline-vulkan,3731406
baseline-vulkan,3765916
baseline-vulkan,3802204
baseline-vulkan,3838495
baseline-vulkan,3875217
baseline-vulkan,3910524
baseline-vulkan,3943635
baseline-vulkan,3977577
baseline-vulkan,4018865
baseline-vulkan,4055480
baseline-vulkan,4095077
baseline-vulkan,4129653
baseline-vulkan,4163808
baseline-vulkan,4197405
baseline-vulkan,4234513
baseline-vulkan,4271660
baseline-vulkan,4308774
baseline-vulkan,4343076
baseline-vulkan,4377667
baseline-vulkan,4410644
baseline-vulkan,4443499
baseline-vulkan,4484723
baseline-vulkan,4522429
baseline-vulkan,4559030
baseline-vulkan,4593617
baseline-vulkan,4631204
baseline-vulkan,4673322
baseline-vulkan,4714341
baseline-vulkan,4755108
baseline-vulkan,4796614
baseline-vulkan,4835074
baseline-vulkan,4875879
baseline-vulkan,4912977
baseline-vulkan,4960294
baseline-vulkan,4998395
baseline-vulkan,5040292
baseline-vulkan,5078576
baseline-vulkan,5122796
baseline-vulkan,5165333
baseline-vulkan,5210930
baseline-vulkan,5262244
baseline-vulkan,5324086
baseline-vulkan,5368573
baseline-vulkan,5418596
baseline-vulkan,5461278
baseline-vulkan,5494837
baseline-vulkan,5538123
baseline-vulkan,5571239
baseline-vulkan,5605320
baseline-vulkan,5635889
baseline-vulkan,5667491
baseline-vulkan,5696593
baseline-vulkan,5726294
baseline-vulkan,5756447
baseline-vulkan,5788491
baseline-vulkan,5818086
baseline-vulkan,5854923
baseline-vulkan,5885163
baseline-vulkan,5915263
baseline-vulkan,5947855
baseline-vulkan,5978058
baseline-vulkan,6008648
baseline-vulkan,6036723
baseline-vulkan,6065792
baseline-vulkan,6095932
baseline-vulkan,6125571
baseline-vulkan,6153958
baseline-vulkan,6184033
baseline-vulkan,6213407
baseline-vulkan,6243660
baseline-vulkan,6272147
baseline-vulkan,6301710
baseline-vulkan,6331785
baseline-vulkan,6362857
baseline-vulkan,6393945
baseline-vulkan,6422487
baseline-vulkan,6452057
baseline-vulkan,6488641
baseline-vulkan,6519715
baseline-vulkan,6547776
baseline-vulkan,6576864
baseline-vulkan,6603985
baseline-vulkan,6633806
baseline-vulkan,6668400
baseline-vulkan,6698513
baseline-vulkan,6726608
baseline-vulkan,6756683
baseline-vulkan,6793785
baseline-vulkan,6822354
baseline-vulkan,6851845
baseline-vulkan,6881411
baseline-vulkan,6911051
baseline-vulkan,6940660
baseline-vulkan,6970872
baseline-vulkan,7000964
baseline-vulkan,7031082
baseline-vulkan,7060641
baseline-vulkan,7089737
baseline-vulkan,7120820
baseline-vulkan,7152036
baseline-vulkan,7181123
baseline-vulkan,7212103
baseline-vulkan,7240565
baseline-vulkan,7269808
baseline-vulkan,7300807
baseline-vulkan,7328894
baseline-vulkan,7359429
baseline-vulkan,7400538
baseline-vulkan,7431045
baseline-vulkan,7461603
baseline-vulkan,7490605
baseline-vulkan,7520224
baseline-vulkan,7549792
baseline-vulkan,7580000
baseline-vulkan,7610274
baseline-vulkan,7640069
baseline-vulkan,7670662
baseline-vulkan,7700892
baseline-vulkan,7738628
baseline-vulkan,7768594
baseline-vulkan,7799315
baseline-vulkan,7830899
baseline-vulkan,7860503
baseline-vulkan,7890734
baseline-vulkan,7921147
baseline-vulkan,7955765
baseline-vulkan,7986209
baseline-vulkan,8015062
baseline-vulkan,8045749
baseline-vulkan,8076850
baseline-vulkan,8105377
baseline-vulkan,8136303
baseline-vulkan,8165824
baseline-vulkan,8196431
baseline-vulkan,8226295
baseline-vulkan,8255357
baseline-vulkan,8288928
baseline-vulkan,8329018
baseline-vulkan,8360662
baseline-vulkan,8397967
baseline-vulkan,8435017
baseline-vulkan,8470193
baseline-vulkan,8504991
baseline-vulkan,8539333
baseline-vulkan,8573701
baseline-vulkan,8607452
baseline-vulkan,8644336
baseline-vulkan,8676231
baseline-vulkan,8707389
baseline-vulkan,8744492
baseline-vulkan,8777824
baseline-vulkan,8810902
baseline-vulkan,8849891
baseline-vulkan,8883214
baseline-vulkan,8916142
baseline-vulkan,8948223
baseline-vulkan,8980830
baseline-vulkan,9014129
baseline-vulkan,9046498
baseline-vulkan,9079312
baseline-vulkan,9112891
baseline-vulkan,9146498
baseline-vulkan,9182134
baseline-vulkan,9213731
baseline-vulkan,9262135
baseline-vulkan,9296175
baseline-vulkan,9329769
baseline-vulkan,9363190
baseline-vulkan,9397300
baseline-vulkan,9430967
baseline-vulkan,9466034
baseline-vulkan,9503092
baseline-vulkan,9537918
baseline-vulkan,9579043
baseline-vulkan,9612996
baseline-vulkan,9646167
baseline-vulkan,9682861
baseline-vulkan,9717216
baseline-vulkan,9749834
baseline-vulkan,9783397
baseline-vulkan,9817977
baseline-vulkan,9854475
baseline-vulkan,9891649
baseline-vulkan,9925816
baseline-vulkan,9959979
baseline-vulkan,9993113
candidate-opengl,20739
candidate-opengl,45306
candidate-opengl,70882
candidate-opengl,95719
candidate-opengl,121210
candidate-opengl,147771
candidate-opengl,174531
candidate-opengl,199598
candidate-opengl,225156
candidate-opengl,249969
candidate-opengl,275528
candidate-opengl,314872
candidate-opengl,341972
candidate-opengl,367023
candidate-opengl,391576
candidate-opengl,418959
candidate-opengl,444266
candidate-opengl,470331
candidate-opengl,495409
candidate-opengl,525977
candidate-opengl,553881
candidate-opengl,579942
candidate-opengl,609011
candidate-opengl,646061
candidate-opengl,673127
candidate-opengl,700466
candidate-opengl,731442
candidate-opengl,762512
candidate-opengl,792404
candidate-opengl,819970
candidate-opengl,844018
candidate-opengl,872055
candidate-opengl,897789
candidate-opengl,924754
candidate-opengl,948826
candidate-opengl,974880
candidate-opengl,999856
candidate-opengl,1024410
candidate-opengl,1048744
candidate-opengl,1078090
candidate-opengl,1103716
candidate-opengl,1129428
candidate-opengl,1155984
candidate-opengl,1181034
candidate-opengl,1208002
candidate-opengl,1245358
candidate-opengl,1271431
candidate-opengl,1296990
candidate-opengl,1326053
candidate-opengl,1354133
candidate-opengl,1379042
candidate-opengl,1406349
candidate-opengl,1431399
candidate-opengl,1457467
candidate-opengl,1484457
candidate-opengl,1510010
candidate-opengl,1535567
candidate-opengl,1569808
candidate-opengl,1594746
candidate-opengl,1621313
candidate-opengl,1648743
candidate-opengl,1675505
candidate-opengl,1700066
candidate-opengl,1727980
candidate-opengl,1754024
candidate-opengl,1781370
candidate-opengl,1822568
candidate-opengl,1850622
candidate-opengl,1875762
candidate-opengl,1902317
candidate-opengl,1927883
candidate-opengl,1954439
candidate-opengl,1977489
candidate-opengl,2004047
candidate-opengl,2027596
candidate-opengl,2053679
candidate-opengl,2077732
candidate-opengl,2104299
candidate-opengl,2131464
candidate-opengl,2173025
candidate-opengl,2196074
candidate-opengl,2225135
candidate-opengl,2248991
candidate-opengl,2275603
candidate-opengl,2303104
candidate-opengl,2328210
candidate-opengl,2353618
candidate-opengl,2376963
candidate-opengl,2402454
candidate-opengl,2429009
candidate-opengl,2454062
candidate-opengl,2487130
candidate-opengl,2510711
candidate-opengl,2537265
candidate-opengl,2562297
candidate-opengl,2589546
candidate-opengl,2614246
candidate-opengl,2642035
candidate-opengl,2665584
candidate-opengl,2691757
candidate-opengl,2716478
candidate-opengl,2742791
candidate-opengl,2775362
candidate-opengl,2803308
candidate-opengl,2825867
candidate-opengl,2851480
candidate-opengl,2877523
candidate-opengl,2903090
candidate-opengl,2926127
candidate-opengl,2950687
candidate-opengl,2975746
candidate-opengl,2999808
candidate-opengl,3025864
candidate-opengl,3049756
candidate-opengl,3075319
candidate-opengl,3110895
candidate-opengl,3134454
candidate-opengl,3160009
candidate-opengl,3183558
candidate-opengl,3208646
candidate-opengl,3232705
candidate-opengl,3260782
candidate-opengl,3284341
candidate-opengl,3313447
candidate-opengl,3341765
candidate-opengl,3366827
candidate-opengl,3391920
candidate-opengl,3423998
candidate-opengl,3448048
candidate-opengl,3475119
candidate-opengl,3502961
candidate-opengl,3527012
candidate-opengl,3550823
candidate-opengl,3575884
candidate-opengl,3603440
candidate-opengl,3625994
candidate-opengl,3649741
candidate-opengl,3676306
candidate-opengl,3699867
candidate-opengl,3725463
candidate-opengl,3749016
candidate-opengl,3784590
candidate-opengl,3808459
candidate-opengl,3844030
candidate-opengl,3869595
candidate-opengl,3892881
candidate-opengl,3916385
candidate-opengl,3941952
candidate-opengl,3966546
candidate-opengl,3993982
candidate-opengl,4032062
candidate-opengl,4058671
candidate-opengl,4082220
candidate-opengl,4108295
candidate-opengl,4131342
candidate-opengl,4158421
candidate-opengl,4182489
candidate-opengl,4209039
candidate-opengl,4233537
candidate-opengl,4259612
candidate-opengl,4288557
candidate-opengl,4315703
candidate-opengl,4350737
candidate-opengl,4376865
candidate-opengl,4400944
candidate-opengl,4430016
candidate-opengl,4459050
candidate-opengl,4486995
candidate-opengl,4512580
candidate-opengl,4540549
candidate-opengl,4566306
candidate-opengl,4591813
candidate-opengl,4616280
candidate-opengl,4642517
candidate-opengl,4668114
candidate-opengl,4695880
candidate-opengl,4721457
candidate-opengl,4744169
candidate-opengl,4770427
candidate-opengl,4795998
candidate-opengl,4825561
candidate-opengl,4849623
candidate-opengl,4875094
candidate-opengl,4900659
candidate-opengl,4925716
candidate-opengl,4960824
candidate-opengl,4986430
candidate-opengl,5011135
candidate-opengl,5036834
candidate-opengl,5059382
candidate-opengl,5083568
candidate-opengl,5109005
candidate-opengl,5132552
candidate-opengl,5159107
candidate-opengl,5182665
candidate-opengl,5209938
candidate-opengl,5237018
candidate-opengl,5270589
candidate-opengl,5293597
candidate-opengl,5321993
candidate-opengl,5346246
candidate-opengl,5373873
candidate-opengl,5397924
candidate-opengl,5425991
candidate-opengl,5449058
candidate-opengl,5475338
candidate-opengl,5499902
candidate-opengl,5524967
candidate-opengl,5556579
candidate-opengl,5586254
candidate-opengl,5612334
candidate-opengl,5639874
candidate-opengl,5663426
candidate-opengl,5692528
candidate-opengl,5717068
candidate-opengl,5743134
candidate-opengl,5770970
candidate-opengl,5798873
candidate-opengl,5825880
candidate-opengl,5853450
candidate-opengl,5889543
candidate-opengl,5914399
candidate-opengl,5942494
candidate-opengl,5969071
candidate-opengl,5993628
candidate-opengl,6021198
candidate-opengl,6045225
candidate-opengl,6072294
candidate-opengl,6096346
candidate-opengl,6125711
candidate-opengl,6149772
candidate-opengl,6176341
candidate-opengl,6208422
candidate-opengl,6233493
candidate-opengl,6258570
candidate-opengl,6286638
candidate-opengl,6317004
candidate-opengl,6342899
candidate-opengl,6366473
candidate-opengl,6391530
candidate-opengl,6416598
candidate-opengl,6442167
candidate-opengl,6466229
candidate-opengl,6492275
candidate-opengl,6516321
candidate-opengl,6543885
candidate-opengl,6569360
candidate-opengl,6594401
candidate-opengl,6619987
candidate-opengl,6645235
candidate-opengl,6671509
candidate-opengl,6695715
candidate-opengl,6719876
candidate-opengl,6749093
candidate-opengl,6775161
candidate-opengl,6812744
candidate-opengl,6839926
candidate-opengl,6870831
candidate-opengl,6896961
candidate-opengl,6925535
candidate-opengl,6949596
candidate-opengl,6975658
candidate-opengl,6999769
candidate-opengl,7025483
candidate-opengl,7050054
candidate-opengl,7076628
candidate-opengl,7104469
candidate-opengl,7138371
candidate-opengl,7161875
candidate-opengl,7188351
candidate-opengl,7214625
candidate-opengl,7241779
candidate-opengl,7265850
candidate-opengl,7291908
candidate-opengl,7320078
candidate-opengl,7346681
candidate-opengl,7375252
candidate-opengl,7399810
candidate-opengl,7426400
candidate-opengl,7451468
candidate-opengl,7475723
candidate-opengl,7502390
candidate-opengl,7525932
candidate-opengl,7551530
candidate-opengl,7576079
candidate-opengl,7605692
candidate-opengl,7629241
candidate-opengl,7658813
candidate-opengl,7682774
candidate-opengl,7708850
candidate-opengl,7733767
candidate-opengl,7770863
candidate-opengl,7794932
candidate-opengl,7821585
candidate-opengl,7846649
candidate-opengl,7876530
candidate-opengl,7899722
candidate-opengl,7925284
candidate-opengl,7949850
candidate-opengl,7974922
candidate-opengl,7998831
candidate-opengl,8025457
candidate-opengl,8056535
candidate-opengl,8081078
candidate-opengl,8108378
candidate-opengl,8133649
candidate-opengl,8159717
candidate-opengl,8186286
candidate-opengl,8208845
candidate-opengl,8234428
candidate-opengl,8259083
candidate-opengl,8286964
candidate-opengl,8313236
candidate-opengl,8340591
candidate-opengl,8365157
candidate-opengl,8391721
candidate-opengl,8416572
candidate-opengl,8441628
candidate-opengl,8465368
candidate-opengl,8492436
candidate-opengl,8516479
candidate-opengl,8543126
candidate-opengl,8569194
candidate-opengl,8593135
candidate-opengl,8617331
candidate-opengl,8643170
candidate-opengl,8677756
candidate-opengl,8709634
candidate-opengl,8734284
candidate-opengl,8760261
candidate-opengl,8783253
candidate-opengl,8808816
candidate-opengl,8832273
candidate-opengl,8860344
candidate-opengl,8884396
candidate-opengl,8909982
candidate-opengl,8934548
candidate-opengl,8959852
candidate-opengl,8991431
candidate-opengl,9018004
candidate-opengl,9043561
candidate-opengl,9073222
candidate-opengl,9097777
candidate-opengl,9125528
candidate-opengl,9149582
candidate-opengl,9177273
candidate-opengl,9203029
candidate-opengl,9229087
candidate-opengl,9254784
candidate-opengl,9279846
candidate-opengl,9310201
candidate-opengl,9336318
candidate-opengl,9361905
candidate-opengl,9390251
candidate-opengl,9414473
candidate-opengl,9442560
candidate-opengl,9466123
candidate-opengl,9497750
candidate-opengl,9526955
candidate-opengl,9555054
candidate-opengl,9590628
candidate-opengl,9616294
candidate-opengl,9641875
candidate-opengl,9666933
candidate-opengl,9692048
candidate-opengl,9717091
candidate-opengl,9742648
candidate-opengl,9769209
candidate-opengl,9793270
candidate-opengl,9820499
candidate-opengl,9843557
candidate-opengl,9871121
candidate-opengl,9896587
candidate-opengl,9934175
candidate-opengl,9958889
candidate-opengl,9983486
candidate-vulkan,36716
candidate-vulkan,72312
candidate-vulkan,107932
candidate-vulkan,149455
candidate-vulkan,191092
candidate-vulkan,232184
candidate-vulkan,271885
candidate-vulkan,313645
candidate-vulkan,355493
candidate-vulkan,397316
candidate-vulkan,438783
candidate-vulkan,473368
candidate-vulkan,507577
candidate-vulkan,543265
candidate-vulkan,578883
candidate-vulkan,616804
candidate-vulkan,653949
candidate-vulkan,690027
candidate-vulkan,725081
candidate-vulkan,761476
candidate-vulkan,797642
candidate-vulkan,835233
candidate-vulkan,869372
candidate-vulkan,902952
candidate-vulkan,934516
candidate-vulkan,969143
candidate-vulkan,1001221
candidate-vulkan,1038328
candidate-vulkan,1070904
candidate-vulkan,1105636
candidate-vulkan,1139857
candidate-vulkan,1175176
candidate-vulkan,1223270
candidate-vulkan,1256498
candidate-vulkan,1291632
candidate-vulkan,1330405
candidate-vulkan,1366000
candidate-vulkan,1403774
candidate-vulkan,1435349
candidate-vulkan,1470788
candidate-vulkan,1503927
candidate-vulkan,1544786
candidate-vulkan,1582186
candidate-vulkan,1619772
candidate-vulkan,1654083
candidate-vulkan,1686166
candidate-vulkan,1719740
candidate-vulkan,1753093
candidate-vulkan,1828678
candidate-vulkan,1867128
candidate-vulkan,1903233
candidate-vulkan,1936316
candidate-vulkan,1972399
candidate-vulkan,2011502
candidate-vulkan,2044955
candidate-vulkan,2080561
candidate-vulkan,2124749
candidate-vulkan,2161359
candidate-vulkan,2195908
candidate-vulkan,2233490
candidate-vulkan,2270825
candidate-vulkan,2311424
candidate-vulkan,2353015
candidate-vulkan,2388864
candidate-vulkan,2435732
candidate-vulkan,2482458
candidate-vulkan,2524478
candidate-vulkan,2562064
candidate-vulkan,2601786
candidate-vulkan,2638740
candidate-vulkan,2673325
candidate-vulkan,2712428
candidate-vulkan,2752319
candidate-vulkan,2789909
candidate-vulkan,2836942
candidate-vulkan,2873467
candidate-vulkan,2909157
candidate-vulkan,2951987
candidate-vulkan,2989166
candidate-vulkan,3023233
candidate-vulkan,3062334
candidate-vulkan,3103939
candidate-vulkan,3141006
candidate-vulkan,3178610
candidate-vulkan,3218732
candidate-vulkan,3255492
candidate-vulkan,3292393
candidate-vulkan,3335615
candidate-vulkan,3372468
candidate-vulkan,3408009
candidate-vulkan,3444584
candidate-vulkan,3486472
candidate-vulkan,3523271
candidate-vulkan,3561886
candidate-vulkan,3603199
candidate-vulkan,3641340
candidate-vulkan,3678449
candidate-vulkan,3717847
candidate-vulkan,3756428
candidate-vulkan,3795744
candidate-vulkan,3836058
candidate-vulkan,3872423
candidate-vulkan,3907807
candidate-vulkan,3949954
candidate-vulkan,3991054
candidate-vulkan,4028219
candidate-vulkan,4068801
candidate-vulkan,4106913
candidate-vulkan,4144946
candidate-vulkan,4186139
candidate-vulkan,4222292
candidate-vulkan,4258414
candidate-vulkan,4291495
candidate-vulkan,4335862
candidate-vulkan,4381966
candidate-vulkan,4423063
candidate-vulkan,4464697
candidate-vulkan,4501792
candidate-vulkan,4535376
candidate-vulkan,4568958
candidate-vulkan,4603002
candidate-vulkan,4636097
candidate-vulkan,4670181
candidate-vulkan,4702393
candidate-vulkan,4736104
candidate-vulkan,4776500
candidate-vulkan,4811682
candidate-vulkan,4850329
candidate-vulkan,4886541
candidate-vulkan,4931159
candidate-vulkan,4969258
candidate-vulkan,5003662
candidate-vulkan,5035233
candidate-vulkan,5067810
candidate-vulkan,5103908
candidate-vulkan,5136282
candidate-vulkan,5169782
candidate-vulkan,5201866
candidate-vulkan,5240655
candidate-vulkan,5274011
candidate-vulkan,5307589
candidate-vulkan,5341658
candidate-vulkan,5375749
candidate-vulkan,5411839
candidate-vulkan,5446897
candidate-vulkan,5481480
candidate-vulkan,5517790
candidate-vulkan,5553721
candidate-vulkan,5589804
candidate-vulkan,5622384
candidate-vulkan,5655470
candidate-vulkan,5689698
candidate-vulkan,5722676
candidate-vulkan,5755132
candidate-vulkan,5788725
candidate-vulkan,5823312
candidate-vulkan,5873704
candidate-vulkan,5911226
candidate-vulkan,5951351
candidate-vulkan,5986000
candidate-vulkan,6018396
candidate-vulkan,6053216
candidate-vulkan,6088703
candidate-vulkan,6124782
candidate-vulkan,6171957
candidate-vulkan,6208224
candidate-vulkan,6245799
candidate-vulkan,6288396
candidate-vulkan,6323007
candidate-vulkan,6362094
candidate-vulkan,6401740
candidate-vulkan,6440960
candidate-vulkan,6482896
candidate-vulkan,6524510
candidate-vulkan,6563205
candidate-vulkan,6601755
candidate-vulkan,6641431
candidate-vulkan,6678508
candidate-vulkan,6718935
candidate-vulkan,6756678
candidate-vulkan,6809656
candidate-vulkan,6851761
candidate-vulkan,6889092
candidate-vulkan,6924761
candidate-vulkan,6966362
candidate-vulkan,7007456
candidate-vulkan,7044652
candidate-vulkan,7083123
candidate-vulkan,7128236
candidate-vulkan,7168810
candidate-vulkan,7207662
candidate-vulkan,7246041
candidate-vulkan,7286107
candidate-vulkan,7324167
candidate-vulkan,7358995
candidate-vulkan,7399284
candidate-vulkan,7439977
candidate-vulkan,7475027
candidate-vulkan,7508118
candidate-vulkan,7545221
candidate-vulkan,7579304
candidate-vulkan,7615890
candidate-vulkan,7651974
candidate-vulkan,7690564
candidate-vulkan,7724644
candidate-vulkan,7759910
candidate-vulkan,7792479
candidate-vulkan,7829452
candidate-vulkan,7864550
candidate-vulkan,7900645
candidate-vulkan,7939733
candidate-vulkan,7973312
candidate-vulkan,8005343
candidate-vulkan,8046443
candidate-vulkan,8082291
candidate-vulkan,8116872
candidate-vulkan,8152671
candidate-vulkan,8184676
candidate-vulkan,8220748
candidate-vulkan,8254847
candidate-vulkan,8287462
candidate-vulkan,8319546
candidate-vulkan,8352156
candidate-vulkan,8386044
candidate-vulkan,8418689
candidate-vulkan,8450830
candidate-vulkan,8487401
candidate-vulkan,8518977
candidate-vulkan,8552063
candidate-vulkan,8584142
candidate-vulkan,8631288
candidate-vulkan,8666249
candidate-vulkan,8701713
candidate-vulkan,8735710
candidate-vulkan,8767804
candidate-vulkan,8802895
candidate-vulkan,8835467
candidate-vulkan,8870551
candidate-vulkan,8901119
candidate-vulkan,8937783
candidate-vulkan,8978569
candidate-vulkan,9016166
candidate-vulkan,9056264
candidate-vulkan,9090952
candidate-vulkan,9125609
candidate-vulkan,9159872
candidate-vulkan,9195939
candidate-vulkan,9231528
candidate-vulkan,9266818
candidate-vulkan,9307518
candidate-vulkan,9345096
candidate-vulkan,9387395
candidate-vulkan,9424016
candidate-vulkan,9462105
candidate-vulkan,9501712
candidate-vulkan,9545296
candidate-vulkan,9584395
candidate-vulkan,9625933
candidate-vulkan,9665316
candidate-vulkan,9706421
candidate-vulkan,9740962
candidate-vulkan,9779041
candidate-vulkan,9818373
candidate-vulkan,9855441
candidate-vulkan,9892847
candidate-vulkan,9931864
candidate-vulkan,9966935
candidate-vulkan,10002033
